id,customer_type,salutation,first_name,last_name,company_name,display_name,email,phone,work_phone,mobile,language,currency,opening_balance,payment_terms,portal_enabled,address_line,address_city,address_country,address_lat,address_lng,address_telephone,address_mobile,billing_address_line,billing_city,billing_country,billing_lat,billing_lng,billing_telephone,billing_mobile,special_instructions,created_at,updated_at,is_active,address_community,billing_community
38443984-5b26-49bd-81ce-1c57db8bf3ae,Business,Mr.,Jiju,,,Mr. Jiju,,0558563934,,,English,AED,0,Immediate on Invoicing,false,,,,,,,,"JVC, villa -4",,United Arab Emirates,,,,,,2026-07-20T12:55:20.77299+00:00,2026-07-20T12:55:20.77299+00:00,true,,
4bfe1e26-f577-4a2b-811f-b18e097a8e5f,Business,,,,CASH CUSTOMER,CASH CUSTOMER,,,,,English,AED,0,Immediate on Invoicing,false,,,,,,,,,,,,,,,,2026-07-20T12:55:20.77299+00:00,2026-07-20T12:55:20.77299+00:00,true,,
1b579533-d120-4b63-b12b-4fef1f8372c4,Business,Mr.,Alanood,Saeed,Al Ghadeer Real estate,Mr. Alanood Saeed,abdulwadood@ghadeere.com,0543030834,,,English,AED,0,Immediate on Invoicing,false,,,,,,,,"Villa - L91, Palm Jumeirah",Dubai,United Arab Emirates,,,,,,2026-07-20T12:55:20.77299+00:00,2026-07-20T12:55:20.77299+00:00,true,,
65a7e83f-6ab7-4328-89a0-30fd57302826,Business,,,,POS CUSTOMERS,POS CUSTOMERS,,,,,English,AED,0,Immediate on Invoicing,false,,,,,,,,,,,,,,,,2026-07-20T12:55:20.77299+00:00,2026-07-20T12:55:20.77299+00:00,true,,
385c499c-8e8c-4e64-99e5-803cc8ae2cc7,Individual,,,,Bank Customer,Bank Customer,,,,,English,AED,0,Immediate on Invoicing,false,,,,,,,,,,,,,,,,2026-07-20T12:55:20.77299+00:00,2026-07-20T12:55:20.77299+00:00,true,,
9feab985-02ae-46bf-8b35-55602e265e1e,Business,Mr.,,,PIPELINE RESTAURANTS LLC,PIPELINE RESTAURANTS LLC,Anatolii.arm@brunchandcake.com,,,0585361316,English,AED,0,Immediate on Invoicing,false,"Al Wasl 51 Branch, Jumeirah",,United Arab Emirates,,,0561013249,0585361316,"Brunchandcake Restaurant, Jumeirah Islands Branch",Dubai,United Arab Emirates,,,,0585361316,,2026-07-20T12:55:20.77299+00:00,2026-07-20T12:55:20.77299+00:00,true,,
edc53eb3-6e63-420d-b516-fbb9295a64e3,Business,Ms.,Grace,Njoki,Brunchandcake Restaurant JLT Branch,Brunchandcake Restauarant,Info.dubai@brunchandcake.com,,0556906486,0556906486,English,AED,0,Immediate on Invoicing,false,Jumeirah Island Branch,,United Arab Emirates,,,,0556906486,"Brunch and cake Restauarant, Jumeirah Islands Branch",Dubai,United Arab Emirates,,,0556906486,0556906486,,2026-07-20T12:55:20.77299+00:00,2026-07-20T12:55:20.77299+00:00,true,,
53a937a8-f5c7-4a1b-b930-e7e94bea20d6,Business,,Jisha,Gwen,Emrill Group,Emrill Services LLC,Jisha.Gwendlyn@emrill.com,043089600,043089600,0509923624,English,AED,0,In 60 Days,false,Zafranah Tower Parking area,,United Arab Emirates,,,,0509923624,"Emrill Services LLC, Corner of Festival City, Al Badia Blvd
Dubai Festival City,
POBox: 38083",,United Arab Emirates,,,043089600,0509923624,,2026-07-20T12:55:20.77299+00:00,2026-07-20T12:55:20.77299+00:00,true,,
ce3be23c-322b-4b7f-8747-fbcc2f6c2928,Business,Mr.,Anatolii,,Brunch and cake Restaurant,Mr. Anatolii,anatolii.arm@brunchandcake.com,,0585361316,0585361316,English,AED,0,Immediate on Invoicing,false,,,,,,,0585361316,"Brunchandcake Restaurant, 
Al Wasl 51 Branch, Jumeirah 1",Dubai,United Arab Emirates,,,0585361316,0585361316,,2026-07-20T12:55:20.77299+00:00,2026-07-20T12:55:20.77299+00:00,true,,
63e5be48-d31d-498c-b74b-2817f30fe23d,Business,Mr.,Amjad,,Chelsea Gardens Hotel Apartments,Chelsea Gardens Hotel Apartments,amjad@chelseagardensdubai.com,044377340,,0502278122,English,AED,0,Immediate on Invoicing,false,,,,,,,0502278122,"Chelsea Gardens Hotel Apartments, Discovery Gardens",Dubai,United Arab Emirates,,,,0502278122,,2026-07-20T12:55:20.77299+00:00,2026-07-20T12:55:20.77299+00:00,true,,
cd145ef7-d6f0-4248-979b-2971120cf507,Individual,Mr.,Ali,,,Mr. Ali,ali_zaky@hotmail.com,,0507321946,0507321946,English,AED,0,Immediate on Invoicing,false,,,,,,,0507321946,"Apt -2103, Cluster -U, JLT, Al seef 3",Dubai,United Arab Emirates,,,0507321946,0507321946,,2026-07-20T12:55:20.77299+00:00,2026-07-20T12:55:20.77299+00:00,true,,
545890ff-0568-46b6-85d9-3ae9ce1b0f84,Individual,Mr.,Harsh,Vyas,,Mr. Harsh Vyas,harshv92@gmail.com,,0501804578,0501804578,English,AED,0,Immediate on Invoicing,false,,,,,,,0501804578,"2013, Greens Community B-Block, DIP",,United Arab Emirates,,,0501804578,0501804578,,2026-07-20T12:55:20.77299+00:00,2026-07-20T12:55:20.77299+00:00,true,,
cf407819-13ea-443e-a9fe-74769722b6a2,Individual,Mr.,Mohammed,Alshehhi,,Mr. Mohammed Alshehhi,Thuraya-Aldhaheri@hotmail.com,,0507011852,0507011852,English,AED,0,Immediate on Invoicing,false,,,,,,,0507011852,"Villa - 19, CA1, The villas, Dubai Land",,United Arab Emirates,,,0507011852,0507011852,,2026-07-20T12:55:20.77299+00:00,2026-07-20T12:55:20.77299+00:00,true,,
e1198c58-3fd9-45de-9339-b6b09488c403,Business,Mrs.,AHAD,,,Mrs. AHAD,Ahd.m.baeshen@gmail.com,,0567774321,0567774321,English,AED,0,Immediate on Invoicing,false,,,,,,,0567774321,"Villa -12,  Atwaar villas, JVC",Dubai,United Arab Emirates,,,0567774321,0567774321,,2026-07-20T12:55:20.77299+00:00,2026-07-20T12:55:20.77299+00:00,true,,
4727d811-227e-4f63-a39c-c831a5139f7d,Business,,FAZAL,DURRANI,DANZAS AEI Emirates LLC,DANZAS AEI Emirates LLC,Fazal.durrani@dhl.com,048104409,048104409,0552346858,English,AED,0,Immediate on Invoicing,false,JAFZA,Dubai,United Arab Emirates,,,0581833001,0552346858,"Danzas HQ, Jafza 3",Dubai,United Arab Emirates,,,048104409,0552346858,,2026-07-20T12:55:20.77299+00:00,2026-07-20T12:55:20.77299+00:00,true,,
ed8cb781-3384-4c7f-b893-77e4202ada65,Individual,Mr.,Zacharie,Ghoudane,,Mr. Zacharie Ghoudane,zghoudane@hotmail.fr,,,0585420201,English,AED,0,Immediate on Invoicing,false,,,,,,,0585420201,"Villa - 256, Arabella 2, Mudon",,United Arab Emirates,,,,0585420201,,2026-07-20T12:55:20.77299+00:00,2026-07-20T12:55:20.77299+00:00,true,,
0f5737c0-d921-4ed7-8126-18b42a7d11c4,Individual,Mr.,TALAL,OMAR,,Mr. TALAL OMAR,talalomar@hotmail.com,,0528282183,0528282183,English,AED,0,Immediate on Invoicing,false,,,,,,,0528282183,"Villa -2, D-11, St-15, JVC",,United Arab Emirates,,,0528282183,0528282183,,2026-07-20T12:55:20.77299+00:00,2026-07-20T12:55:20.77299+00:00,true,,
7f1737aa-433a-4969-aac6-d6342165ca3d,Individual,Mr.,OMID,,,Mr. OMID,omid1975@hotmail.com,,0561388591,0561388591,English,AED,0,Immediate on Invoicing,false,,,,,,,0561388591,"Villa - 3, D -11, JVC",,United Arab Emirates,,,0561388591,0561388591,,2026-07-20T12:55:20.77299+00:00,2026-07-20T12:55:20.77299+00:00,true,,
9e76e5c8-52f1-4e83-a39a-d72d099c40d6,Individual,Mr.,MUBARAK,,,Mr. MUBARAK,waksmau@yahoo.com,,0542433399,542433399,English,AED,0,Immediate on Invoicing,false,,,,,,,542433399,"Villa-1, Inside compound Villas, Al Barsha 1",Dubai,United Arab Emirates,,,0542433399,542433399,,2026-07-20T12:55:20.77299+00:00,2026-07-20T12:55:20.77299+00:00,true,,
c7301319-e036-465e-b42f-b5eac11760d1,Business,Mr.,Vaisakh,Kalathari,Indiga Interior Design LLC,Mr. Vaisakh Kalathari,info@indigainterior.com,,,0559806325,English,AED,0,In 15 Days,false,,,,,,,0559806325,,,,,,,0559806325,,2026-07-20T12:55:20.77299+00:00,2026-07-20T12:55:20.77299+00:00,true,,
19daea3c-0429-43d0-b28e-5c3f21844249,Individual,Mr.,AKSHAY,,,Mr. AKSHAY,Akshay.sardana@cfsgroup.com,,508482407,0508482407,English,AED,0,Immediate on Invoicing,false,,,,,,,0508482407,"Villa -6, Street-7, Al Safa 1",,United Arab Emirates,,,508482407,0508482407,,2026-07-20T12:55:20.77299+00:00,2026-07-20T12:55:20.77299+00:00,true,,
68e62664-a341-41df-8736-f32bc8606716,Individual,Mrs.,MFONISO,UKWAK,,Mrs. MFONISO UKWAK,Mjumoh@gmail.com,,,0581687522,English,AED,0,Immediate on Invoicing,false,,,,,,,0581687522,,,,,,,0581687522,,2026-07-20T12:55:20.77299+00:00,2026-07-20T12:55:20.77299+00:00,true,,
54978092-a480-4902-9b78-04fd85c0fbe0,Individual,Mr.,TURKER,TURKER,,Mr. TURKER TURKER,doubleturker@gmail.com,,,0582911637,English,AED,0,Immediate on Invoicing,false,,,,,,,0582911637,,,,,,,0582911637,,2026-07-20T12:55:20.77299+00:00,2026-07-20T12:55:20.77299+00:00,true,,
075dc887-8f9e-47f3-9cf9-3297e22e7d9b,Individual,Ms.,SEEMA,NAIR,,Ms. SEEMA NAIR,seema.sekharan@gmail.com,,,504542587,English,AED,0,Immediate on Invoicing,false,,,,,,,504542587,"Villa - 418, Arabella 1, St-13",,United Arab Emirates,,,,504542587,,2026-07-20T12:55:20.77299+00:00,2026-07-20T12:55:20.77299+00:00,true,,
72da0592-5fd4-4435-8f5a-bf068528b782,Individual,Mr.,HAMED,,,Mr. HAMED,,,,,English,AED,0,Immediate on Invoicing,false,,,,,,,,"APT-2612, GREEN COMMUNITY, DIP",,United Arab Emirates,,,,,,2026-07-20T12:55:20.77299+00:00,2026-07-20T12:55:20.77299+00:00,true,,
6cc157f2-1bc1-4799-9db5-c4fbfb76a855,Business,,,,Sample,Accounting firm,info@bigbookkeepers.com,,,,English,AED,0,Immediate on Invoicing,false,,,,,,,,,,,,,,,,2026-07-20T12:55:20.77299+00:00,2026-07-20T13:00:11.450115+00:00,true,,
fe993911-62bb-4052-9cd3-41a99029417b,Business,Mr.,Abdul,Wadood,Ghadeer Al Taer Real Estate,"Wadood, Palm Jumeira, V-A84",abdulwadood@ghadeere.com,,0543030834,0543030834,English,AED,0,In 7 Days,false,"Villa - A84, Palm Jumeirah",,United Arab Emirates,,,,0543030834,"Frond A, Villa - A84, Palm Jumeirah",Dubai,United Arab Emirates,,,0543030834,0543030834,,2026-07-20T12:55:20.77299+00:00,2026-07-31T12:30:03.134649+00:00,true,,
25665c72-5b43-48a9-a398-bfebfc38583e,Business,Mr.,Alanood,Saeed,Ghadeer Al Taer Real Estate,"Wadood, Palm Jumeira, V-L91",abdulwadood@ghadeere.com,043521102,,0543030834,English,AED,0,Immediate on Invoicing,false,"Villa - L91, Palm Jumeirah",,,,,0543030834,0543030834,"Villa - L 91,, Palm Jumeirah,",Dubai,United Arab Emirates,,,,0543030834,,2026-07-20T12:55:20.77299+00:00,2026-07-31T12:31:28.097156+00:00,true,,
6b243e98-e365-45af-92da-57361ff8a1db,Individual,Mr.,GERAL,,,Mr. GERAL,geraldpetallar@gmail.com,,,0554468301,English,AED,0,Immediate on Invoicing,false,,,,,,,0554468301,"APT-2702, AL SAHAB TOWER 2, DUBAI MARINA",,United Arab Emirates,,,,0554468301,,2026-07-20T12:55:20.77299+00:00,2026-07-20T12:55:20.77299+00:00,true,,
7dbfd0d5-632e-43dd-8fe4-3c7b5d3be38f,Individual,Mr.,VINOD,,,Mr. VINOD,vk.deepthi@gmail.com,,552938293,552938293,English,AED,0,Immediate on Invoicing,false,,,,,,,552938293,"Villa-385, Street-12, Arabella 1",Mudon,United Arab Emirates,,,552938293,552938293,,2026-07-20T12:55:20.77299+00:00,2026-07-20T12:55:20.77299+00:00,true,,
44c432b2-6e02-4fef-aa1e-0bd379fdc9db,Individual,Mr.,Khan,,,Mr. Khan,T.khan@cbemirates.ae,,,0585857749,English,AED,0,Immediate on Invoicing,false,,,,,,,0585857749,,,,,,,0585857749,,2026-07-20T12:55:20.77299+00:00,2026-07-20T12:55:20.77299+00:00,true,,
ce0bb2f1-969f-4695-bfe2-d285b36f9a91,Individual,Mrs.,FAEIZA,,,Mrs. FAEIZA,hot_summer94@hotmail.com,,,506412560,English,AED,0,Immediate on Invoicing,false,,,,,,,506412560,"Villa - 4, Najar Villas",,United Arab Emirates,,,,506412560,,2026-07-20T12:55:20.77299+00:00,2026-07-20T12:55:20.77299+00:00,true,,
f8d5b100-9cff-4cf8-88ab-8a80985da9e4,Individual,Mrs.,Shweta,,,Mrs. Shweta,Shwetaberry1@gmail.com,,509198961,0509198961,English,AED,0,Immediate on Invoicing,false,,,,,,,0509198961,"Villa - 62, Arabella - 3, Mudon",,United Arab Emirates,,,509198961,0509198961,,2026-07-20T12:55:20.77299+00:00,2026-07-20T12:55:20.77299+00:00,true,,
0733d043-a88d-4b46-a70c-4d7f66fcf368,Individual,,,,,HAMED,,,0585815147,,English,AED,0,Immediate on Invoicing,false,,,,,,,,"Villa - 2612, Green Community, DIP 1",,United Arab Emirates,,,0585815147,,,2026-07-20T12:55:20.77299+00:00,2026-07-20T12:55:20.77299+00:00,true,,
1799b8f1-380e-491e-8995-f1e639efa20d,Individual,Mrs.,Neha,,Legacy Real estate - Property Consultant,Mrs. Neha,info@legacydubai.com,,,0556873129,English,AED,0,Immediate on Invoicing,false,,,,,,,0556873129,,,,,,,0556873129,,2026-07-20T12:55:20.77299+00:00,2026-07-20T12:55:20.77299+00:00,true,,
74cf30df-5144-463a-bb58-d16dcb88309d,Individual,,,,,LIBIN,,,,,English,AED,0,Immediate on Invoicing,false,,,,,,,,,,,,,,,,2026-07-20T12:55:20.77299+00:00,2026-07-20T12:55:20.77299+00:00,true,,
9b1065ab-f133-4fb3-a119-8b99c693fad2,Individual,,,,,GERAL,,,,,English,AED,0,Immediate on Invoicing,false,,,,,,,,,,,,,,,,2026-07-20T12:55:20.77299+00:00,2026-07-20T12:55:20.77299+00:00,true,,
b86b150d-17b3-498e-b616-a2a5301e4ee0,Individual,,,,,MUBARAK,,,,,English,AED,0,Immediate on Invoicing,false,,,,,,,,,,,,,,,,2026-07-20T12:55:20.77299+00:00,2026-07-20T12:55:20.77299+00:00,true,,
981587c4-7412-44ff-916f-3c50131beb8b,Individual,,,,,RASHA,,,,,English,AED,0,Immediate on Invoicing,false,,,,,,,,,,,,,,,,2026-07-20T12:55:20.77299+00:00,2026-07-20T12:55:20.77299+00:00,true,,
e3e98610-e2d6-46dd-a887-a93bcb9cf2a4,Individual,Mr.,VINOD,,,VINOD,Vinodkrishnan@me.com,,,,English,AED,0,Immediate on Invoicing,true,,,,,,,,"Villa - 23, Springs - 8, St- 6",,United Arab Emirates,,,,,,2026-07-20T12:55:20.77299+00:00,2026-07-20T12:55:20.77299+00:00,true,,
747f81b9-aa57-4b22-9f79-17cb03605134,Individual,,,,,NUTAN SARDANA,nutansardana@icloud.com,,,,English,AED,0,Immediate on Invoicing,false,,,,,,,,"Frond - E, Villa - 30, Frond E Street 30, Palm Jumeirah Dubai, United Arab Emirates",DUBAI,United Arab Emirates,,,,,,2026-07-20T12:55:20.77299+00:00,2026-07-20T12:55:20.77299+00:00,true,,
541be150-463c-464c-947b-0760add3fa55,Individual,,,,,SERGIO,,,0521976317,,English,AED,0,Immediate on Invoicing,false,,,,,,,,"V-356, Maple - 3, Dubai Hills",,United Arab Emirates,,,0521976317,,,2026-07-20T12:55:20.77299+00:00,2026-07-20T12:55:20.77299+00:00,true,,
5247becd-71a2-4e4a-8df7-33ca3037665b,Individual,,,,,SHWETA,,,,,English,AED,0,Immediate on Invoicing,false,,,,,,,,,,,,,,,,2026-07-20T12:55:20.77299+00:00,2026-07-20T12:55:20.77299+00:00,true,,
7125dab8-c9c0-4f2c-86d9-83a5637aa7d2,Individual,,,,,FAEIZA,,,,,English,AED,0,Immediate on Invoicing,false,,,,,,,,,,,,,,,,2026-07-20T12:55:20.77299+00:00,2026-07-20T12:55:20.77299+00:00,true,,
ab4d91c0-cb70-4117-a6ac-1a8211c36420,Individual,,,,,Rejeesh,,,,,English,AED,0,Immediate on Invoicing,false,,,,,,,,,,,,,,,,2026-07-20T12:55:20.77299+00:00,2026-07-20T12:55:20.77299+00:00,true,,
86214653-7976-41c4-823d-3df91b7db317,Individual,Mr.,VAL DAVID,UBANDO,,Mr. VAL DAVID UBANDO,Dave@houseofenspa.com,,,0555933860,English,AED,0,Immediate on Invoicing,false,"The Nail Spa, Arabian Ranches",,United Arab Emirates,,,,0555933860,"The Nail Spa, Marina Gate 1",Dubai Marina,United Arab Emirates,,,,0555933860,,2026-07-20T12:55:20.77299+00:00,2026-07-20T12:55:20.77299+00:00,true,,
a250a00e-b1f6-4728-982a-ab0172f5e64a,Business,Mr.,JUNAID,,RESTAURANT JUMEIRAH A DUBAI,RESTAURANT JUMEIRAH A DUBAI,Aldenngitngit007@gmail.com,,0568639428,0524524783,English,AED,0,Immediate on Invoicing,false,"Maru Italian Restaurant, Jumeirah 3",,United Arab Emirates,,,,0524524783,"C. LL RESTAURANT JUMEIRAH A DUBAI, JUMEIRAH 3",,United Arab Emirates,,,0568639428,0524524783,,2026-07-20T12:55:20.77299+00:00,2026-07-20T12:55:20.77299+00:00,true,,
5fe7efae-2f49-4348-8d43-147f2faf88d3,Individual,Mr.,JAVED,,,Mr. JAVED,Javed@skyviewdubai.com,,0589959036,0529959036,English,AED,0,Immediate on Invoicing,false,"Sky courts Towers, Apt - 2020, Cluster - C",,United Arab Emirates,,,0529959036,0529959036,"Skycourts Towers, Apt - 120, Cluster - F",,United Arab Emirates,,,0589959036,0529959036,,2026-07-20T12:55:20.77299+00:00,2026-07-20T12:55:20.77299+00:00,true,,
00ee0c4e-0ca8-4c95-8cd0-989ec551d1fe,Individual,Mr.,KARAN,REBEL,,Mr. KARAN REBEL,Karan.rebel@gmail.com,,0551209845,0551209845,English,AED,0,Immediate on Invoicing,false,,,,,,,0551209845,"Condo 2, Apt-202",,United Arab Emirates,,,0551209845,0551209845,,2026-07-20T12:55:20.77299+00:00,2026-07-20T12:55:20.77299+00:00,true,,
8e702e84-e87a-4e91-8bd2-0e9831142b03,Individual,Mr.,CHARLENE,,,Mr. CHARLENE,,,,0562399414,English,AED,0,Immediate on Invoicing,false,,,,,,,0562399414,,,,,,,0562399414,,2026-07-20T12:55:20.77299+00:00,2026-07-20T12:55:20.77299+00:00,true,,
425cbea5-a93b-4f67-8660-ca44d48e0882,Individual,Ms.,NUTAN,SARDANA,,Ms. NUTAN SARDANA,nutansardana@icloud.com,,,0554523620,English,AED,0,Immediate on Invoicing,false,,,,,,,0554523620,,,,,,,0554523620,,2026-07-20T12:55:20.77299+00:00,2026-07-20T12:55:20.77299+00:00,true,,
0bcc814f-4f6c-4a41-9a8a-9158f93bbc0b,Individual,Mrs.,GULNIHAL,AYKAN,,Mrs. GULNIHAL AYKAN,gulnihal.aykan@mbcc-group.com,,,0565202668,English,AED,0,Immediate on Invoicing,false,,,,,,,0565202668,"APT-2303, CONTINENTAL TOWER, MARINA",,United Arab Emirates,,,,0565202668,,2026-07-20T12:55:20.77299+00:00,2026-07-20T12:55:20.77299+00:00,true,,
e7d62181-eb1e-427c-9d7d-5600105d8b27,Individual,,,,JAI SHANKAR JHA,JAI SHANKAR JHA,,,,,English,AED,0,Immediate on Invoicing,false,,,,,,,,,,,,,,,,2026-07-20T12:55:20.77299+00:00,2026-07-20T12:55:20.77299+00:00,true,,
df26d5ba-158b-45af-89f3-7f7c4367e7af,Individual,,,,AKSHY,AKSHY,,,,,English,AED,0,Immediate on Invoicing,false,,,,,,,,,,,,,,,,2026-07-20T12:55:20.77299+00:00,2026-07-20T12:55:20.77299+00:00,true,,
a8df0b51-30a8-4533-9bb9-5502bb2f5ff3,Individual,,,,MARTYN DODD,MARTYN DODD,,,,,English,AED,0,Immediate on Invoicing,false,,,,,,,,,,,,,,,,2026-07-20T12:55:20.77299+00:00,2026-07-20T12:55:20.77299+00:00,true,,
cb511a53-9c07-4c7b-a381-94cc0a3ea9e7,Individual,,,,Salman Zafar,Salman Zafar,,,,,English,AED,0,Immediate on Invoicing,false,,,,,,,,,,,,,,,,2026-07-20T12:55:20.77299+00:00,2026-07-20T12:55:20.77299+00:00,true,,
9e7dc522-fb00-456d-84e1-c00fa2c53fce,Individual,Mrs.,SEEMA,NAIR,SEEMA NAIR,SEEMA NAIR,seema.sekharan@gmail.com,,,,English,AED,0,Immediate on Invoicing,true,,,,,,,,"Arabella 1,
Villa 418.",Dubai,United Arab Emirates,,,,,,2026-07-20T12:55:20.77299+00:00,2026-07-20T12:55:20.77299+00:00,true,,
5bcde895-12d2-490f-8e68-662b43367517,Individual,,,,OLIVIA LEIGH,OLIVIA LEIGH,,,,,English,AED,0,Immediate on Invoicing,false,,,,,,,,,,,,,,,,2026-07-20T12:55:20.77299+00:00,2026-07-20T12:55:20.77299+00:00,true,,
094a0811-6909-40ea-9e47-33fe5aadcaa9,Individual,,,,MOHAMMED ALSHEHHI,MOHAMMED ALSHEHHI,Thuraya-aldhaheri@hotmail.com,,,,English,AED,0,Immediate on Invoicing,false,,,,,,,,"Villa - 19, The Villas, Dubai land",,United Arab Emirates,,,,,,2026-07-20T12:55:20.77299+00:00,2026-07-20T12:55:20.77299+00:00,true,,
42e80ca4-afe7-4330-8d43-bd2d68ff944a,Individual,,,,BIBHAKAR MISHRA,BIBHAKAR MISHRA,,,,,English,AED,0,Immediate on Invoicing,false,,,,,,,,,,,,,,,,2026-07-20T12:55:20.77299+00:00,2026-07-20T12:55:20.77299+00:00,true,,
83e6e6fa-0f1e-49e1-b216-6d876d2339bc,Individual,,,,,GULNIHAL AYKAN,,,,,English,AED,0,Immediate on Invoicing,false,,,,,,,,continental tower 2303,,United Arab Emirates,,,,,,2026-07-20T12:55:20.77299+00:00,2026-07-20T12:55:20.77299+00:00,true,,
785984c4-d470-4c22-9a7f-3813951393f7,Individual,Mrs.,SAHIAPATHI,,,Mrs. SAHIAPATHI,sathia@gmail.com,,,0555033574,English,AED,0,Immediate on Invoicing,false,,,,,,,0555033574,,,,,,,0555033574,,2026-07-20T12:55:20.77299+00:00,2026-07-20T12:55:20.77299+00:00,true,,
83ed0aea-ea9b-44f7-9ae1-ba2fd7426422,Individual,Mrs.,JANNAH,A K,,Mrs. JANNAH A K,3jaikhan@gmail.com,,,0585149511,English,AED,0,Immediate on Invoicing,false,,,,,,,0585149511,"Villa - 13, St - 27A, Al Quoz",,United Arab Emirates,,,,0585149511,,2026-07-20T12:55:20.77299+00:00,2026-07-20T12:55:20.77299+00:00,true,,
26459f90-8418-4d0c-b503-92a70c4653d0,Business,,DUBAI,REAL ESTATE CENTRE LLC,DREC,DUBAI REAL ESTATE CENTRE LLC,kathrine.bandolon@drec.ae,8001-3732,'+971 800 1 DREC (3732),,English,AED,0,Immediate on Invoicing,false,Al Kifaf Building,,United Arab Emirates,,,,,Al Mina Road,,United Arab Emirates,,,'+971 800 1 DREC (3732),,,2026-07-20T12:55:20.77299+00:00,2026-07-20T12:55:20.77299+00:00,true,,
3720c1e4-6822-4f23-bd24-88600787ee58,Individual,Mr.,Steve,Bailey,,"Steve, Jumeira 2, V-23",,,0506508487,0506508487,English,AED,0,Immediate on Invoicing,false,"Villa - 23, 39 B Street,Jumeirah 2",,,,,,,"Villa - 23, 39 B Street,Jumeirah 2",Dubai,,,,,,,2026-07-20T12:55:20.77299+00:00,2026-07-31T10:32:45.285603+00:00,true,Jumeirah 2,Jumeirah 2
005583f0-f1b9-4d92-bb20-67c859b26417,Individual,Mr.,SALMAN,JAFFAR,,Mr. SALMAN JAFFAR,salman.zafar9@gmail.com,,,0529895700,English,AED,0,Immediate on Invoicing,false,,,,,,,0529895700,,,,,,,0529895700,,2026-07-20T12:55:20.77299+00:00,2026-07-20T12:55:20.77299+00:00,true,,
9dbda347-a561-4ebd-9b85-63a590d41f24,Individual,Mr.,SUBBA,,,Mr. SUBBA,Pvsr1891@gmail.com,,,0506315764,English,AED,0,Immediate on Invoicing,false,,,,,,,0506315764,"Skycourts Tower, Tower - F, P3, Apt- 11",,United Arab Emirates,,,,0506315764,,2026-07-20T12:55:20.77299+00:00,2026-07-20T12:55:20.77299+00:00,true,,
e70874cb-91d4-4cab-8f5e-c381a1414e08,Individual,Ms.,SEENA,SENAN,,Ms. SEENA SENAN,seenasenan@yahoo.com,,0501284428,0501284428,English,AED,0,Immediate on Invoicing,false,,,,,,,0501284428,"Nasr Palace Building, Flat - 307",Oud Metha,United Arab Emirates,,,0501284428,0501284428,,2026-07-20T12:55:20.77299+00:00,2026-07-20T12:55:20.77299+00:00,true,,
9447fe38-96ab-42bf-a32a-ea1fee3bafcf,Individual,,,,KRISHA (VIRAJ),KRISHA (VIRAJ),,,,,English,AED,0,Immediate on Invoicing,false,,,,,,,,,,,,,,,,2026-07-20T12:55:20.77299+00:00,2026-07-20T12:55:20.77299+00:00,true,,
5d19f5a6-fb37-4215-8094-0cad1f2b09d5,Individual,Mr.,,,TOP BARISTAS COFFEE SHOP LLC,TOP BARISTAS COFFEE SHOP LLC,DHMops@topbaristas.com,,0556349197,0556349197,English,AED,0,Immediate on Invoicing,false,,,,,,,0556349197,"GF-385, near to Entrance #1, Dubai Hills Mall, Al Khail Road",,United Arab Emirates,,,0556349197,0556349197,,2026-07-20T12:55:20.77299+00:00,2026-07-20T12:55:20.77299+00:00,true,,
e1cf57a7-94e7-4c75-9dba-1b196bf2e74c,Individual,Mr.,HAYZEL,RAMIREZ,EC TRADING FZE,EC TRADING FZE,hayzel.ramirez@hi-force.com,048150600,,,English,AED,0,Immediate on Invoicing,false,,,,,,,,"Hi Force FZE, JA JEBEL ALI FREE ZONE",,United Arab Emirates,,,,,,2026-07-20T12:55:20.77299+00:00,2026-07-20T12:55:20.77299+00:00,true,,
7251b3d4-342a-4b0a-a3e7-5419c54eceba,Individual,,,,,AKSHAY SARDANA,,,508482407,,English,AED,0,Immediate on Invoicing,false,,,,,,,,"Villa -6, Street-7",Al Safa 1,,,,508482407,,,2026-07-20T12:55:20.77299+00:00,2026-07-20T12:55:20.77299+00:00,true,,
e5a731cb-2489-4ede-9d27-93e80f926c9f,Individual,,,,,KAVITHA MENON,,,,,English,AED,0,Immediate on Invoicing,false,,,,,,,,,,,,,,,,2026-07-20T12:55:20.77299+00:00,2026-07-20T12:55:20.77299+00:00,true,,
3e98c95f-4e14-48ba-80de-aa2999378acc,Individual,,,,,Sunil,,,,,English,AED,0,Immediate on Invoicing,false,,,,,,,,,,,,,,,,2026-07-20T12:55:20.77299+00:00,2026-07-20T12:55:20.77299+00:00,true,,
7ffac6fb-ecaf-42c8-94bb-4a29ec14b94d,Individual,,,,,SAMRIDHI SINGLA,,,,,English,AED,0,Immediate on Invoicing,false,,,,,,,,"JLT Cluster M
Icon Tower 1,
Apt-3505",,United Arab Emirates,,,,,,2026-07-20T12:55:20.77299+00:00,2026-07-20T12:55:20.77299+00:00,true,,
c4dcea85-935d-4f1c-b7cf-7f1cc7ceeaad,Individual,,,,,SATHIAPATHI,,,,,English,AED,0,Immediate on Invoicing,false,,,,,,,,"V-579, Arabella",,United Arab Emirates,,,,,,2026-07-20T12:55:20.77299+00:00,2026-07-20T12:55:20.77299+00:00,true,,
b1e6254f-0872-4ba8-926f-8eed013c955a,Business,Ms.,MARIA,HICKFORD,Rolls-Royce Solutions Middle East FZE,Ms. MARIA HICKFORD,Maria.Hickford@ps.rolls-royce.com,048042900,048042900,0526679188,English,AED,0,Immediate on Invoicing,false,,,,,,,0526679188,"Rolls-Royce Solutions Middle East FZE, S3B5SR06, Business Plus, Jafza South",,United Arab Emirates,,,048042900,0526679188,,2026-07-20T12:55:20.77299+00:00,2026-07-20T12:55:20.77299+00:00,true,,
dde4b2f6-36f0-4dbf-a773-be0e5a1bc172,Individual,Mr.,AJAY,GEORGE,,Mr. AJAY GEORGE,ajaygeorge120375@gmail.com,,'+971561815591,'+971561815591,English,AED,0,Immediate on Invoicing,false,,,,,,,'+971561815591,"Flat-1208, Lake shore, JLT CLUSTER-Y",,United Arab Emirates,,,'+971561815591,'+971561815591,,2026-07-20T12:55:20.77299+00:00,2026-07-20T12:55:20.77299+00:00,true,,
47b8e2cc-e43a-4ea2-96f1-b3e89d7d8a20,Business,,DHL Logistics LLC,,DHL Global Forwarding Abu Dhabi SP LLC,DHL Logistics LLC,dxbpayables.ae@dhl.com,,,,English,AED,0,Immediate on Invoicing,false,"Plot No. W39, & W43, DAFZA 2",,United Arab Emirates,,,,,"Jebel Ali Free Zone (South), Free Trading Street (Near Gate No. 15)",,United Arab Emirates,,,,,,2026-07-20T12:55:20.77299+00:00,2026-07-20T12:55:20.77299+00:00,true,,
7d601473-adbe-41ee-9215-71faaf790d99,Individual,Mr.,Loreto,Tumambing,,Seed Mena Businessmen Services LLC,loreto@seedgroup.com,043252444,0505574822,0505574822,English,AED,0,Immediate on Invoicing,false,,,,,,,0505574822,"The H Dubai Tower, 17th floor,",Sheikh Zayed Road,United Arab Emirates,,,0505574822,0505574822,,2026-07-20T12:55:20.77299+00:00,2026-07-20T12:55:20.77299+00:00,true,,
671fe300-fbe8-4fa3-b43d-76f77bf44fe1,Individual,Mr.,BRAHMA,G,,Mr. BRAHMA G,Brahmag222@gmail.com,,0507074581,0507074581,English,AED,0,Immediate on Invoicing,false,,,,,,,0507074581,"Apt No. 504, Tower E, Jumeirah Golf house",,United Arab Emirates,,,0507074581,0507074581,,2026-07-20T12:55:20.77299+00:00,2026-07-20T12:55:20.77299+00:00,true,,
dd58525e-369d-421c-b988-6f2edcb6c30d,Individual,Mr.,AMIR,MEHMOOD,MASTER LOGISTICS,Mr. AMIR MEHMOOD,fawzy@proship.ae,,0529062083,0529062083,English,AED,0,Immediate on Invoicing,false,,,,,,,0529062083,"MASTER LOGISTICS, DAFZA",,United Arab Emirates,,,0529062083,0529062083,,2026-07-20T12:55:20.77299+00:00,2026-07-20T12:55:20.77299+00:00,true,,
e8d08a6e-e301-491e-bebd-b1e4ef2d3070,Business,,SANJAY,,,SANJAY,sgh1969@icloud.com,0505597030,,,English,AED,0,Immediate on Invoicing,false,,,,,,,,"Villa - TH11, Redwood Park, Jumeirah Golf Estate",,United Arab Emirates,,,,,,2026-07-20T12:55:20.77299+00:00,2026-07-20T12:55:20.77299+00:00,true,,
1c168884-c9af-40c6-9978-fda63fd26ba0,Individual,,Carolina Tovar,,,Carolina Tovar,carotov@gmail.com,0563404710,0563404710,,English,AED,0,Immediate on Invoicing,false,,,,,,,,"Emaar south, Urbana 3villa
town house 104.",,United Arab Emirates,,,0563404710,,,2026-07-20T12:55:20.77299+00:00,2026-07-20T12:55:20.77299+00:00,true,,
4d0489d7-d13c-4b34-8393-e03768f31304,Individual,,O lab,,Olab Dubai Hills Mall,Olab Dubai Hills Mall,dhmops@topbaristas.com,,,503426522,English,AED,0,Immediate on Invoicing,false,,,,,,,503426522,"Dubai Hills Mall,
GF 385, Entrance 1.",,United Arab Emirates,,,,503426522,,2026-07-20T12:55:20.77299+00:00,2026-07-20T12:55:20.77299+00:00,true,,
89211b49-f3f5-4a02-b184-ad7eac2c1edb,Individual,,LIyon,,,LIyon,leon@aurigacapital.ae,,,559215413,English,AED,0,Immediate on Invoicing,false,,,,,,,559215413,"Nad al sheba., Waves grande,
Apartment 1411",,United Arab Emirates,,,,559215413,,2026-07-20T12:55:20.77299+00:00,2026-07-20T12:55:20.77299+00:00,true,,
001e24c6-f3ea-4f71-bae9-df4d9a66d76b,Individual,,,Mohammad,,Mohammed seyedJalali,Mohammadreza.ansari112@gmail.com,505639544,,,English,AED,0,Immediate on Invoicing,false,,,,,,,,"Villa 13, Frond - K, Palm Jumeirah",,United Arab Emirates,,,,,,2026-07-20T12:55:20.77299+00:00,2026-07-20T12:55:20.77299+00:00,true,,
2b44e360-f565-42b4-9f85-df98ed7ad17d,Individual,,Caio,,,Caio,caio.banti@gmail.com,0522075511,,,English,AED,0,Immediate on Invoicing,false,,,,,,,,"waves grande,
villa 303.",,United Arab Emirates,,,,,,2026-07-20T12:55:20.77299+00:00,2026-07-20T12:55:20.77299+00:00,true,,
df6dfd72-bf11-4ee7-92e1-29467a6a8561,Individual,,Nhiki,,,Nhiki,nhiki@carpediemdxb.com,,,,English,AED,0,Immediate on Invoicing,false,,,,,,,,"Bay Central west unit 
2203",,,,,,,,2026-07-20T12:55:20.77299+00:00,2026-07-20T12:55:20.77299+00:00,true,,
d52dc361-6268-4845-aa62-13a51ba8e89a,Individual,,Jewel,,,Jewel,jewelmd52@gmail.com,,544283907,,English,AED,0,Immediate on Invoicing,false,,,,,,,,Damac towers 108,,,,,544283907,,,2026-07-20T12:55:20.77299+00:00,2026-07-20T12:55:20.77299+00:00,true,,
003e9154-27d6-46ad-bad4-c8c235f2add3,Individual,,,,,NUDAN SURDANA,,,,,English,AED,0,Immediate on Invoicing,false,,,,,,,,,,,,,,,,2026-07-20T12:55:20.77299+00:00,2026-07-20T12:55:20.77299+00:00,true,,
4b37d163-eced-4428-8f5a-43ebd0b3bdfe,Individual,,,,,MR Ajay jeorge,,,,,English,AED,0,Immediate on Invoicing,false,,,,,,,,"JLT 
Cluster Y,",,United Arab Emirates,,,,,,2026-07-20T12:55:20.77299+00:00,2026-07-20T12:55:20.77299+00:00,true,,
d1fb5ac3-66a0-4682-8efb-4f3548989167,Individual,,,,,Mr Siranus Khani,,,,,English,AED,0,Immediate on Invoicing,false,,,,,,,,"Arabella 1, 
Villa 269",,United Arab Emirates,,,,,,2026-07-20T12:55:20.77299+00:00,2026-07-20T12:55:20.77299+00:00,true,,
42d2d012-42c6-4364-957c-b7f3f9d96015,Individual,,,,,Abrana Sultana,Abrana.Sultana@gmail.com,,,,English,AED,0,Immediate on Invoicing,false,,,,,,,,"Arabella 1,
Villa 266",,United Arab Emirates,,,,,,2026-07-20T12:55:20.77299+00:00,2026-07-20T12:55:20.77299+00:00,true,,
3489cef4-5ebe-4694-8e6f-ae72d1cceaad,Individual,,,,,Bina Chandreh,bina@efgme.com,529355096,,,English,AED,0,Immediate on Invoicing,false,DIP-2,,United Arab Emirates,,,,,DIP-2,,United Arab Emirates,,,,,,2026-07-20T12:55:20.77299+00:00,2026-07-20T12:55:20.77299+00:00,true,,
128f19b0-96b6-4f2c-8193-3e7fa818fade,Individual,,Houda,,,Houda,Houda@nefcgroup.com,501092463,,,English,AED,0,Immediate on Invoicing,false,Galleries 3 office 1101 downtown jebel Ali.,,United Arab Emirates,,,,,Galleries 3 office 1101 downtown jebel Ali.,,United Arab Emirates,,,,,,2026-07-20T12:55:20.77299+00:00,2026-07-20T12:55:20.77299+00:00,true,,
eb7da478-0779-4240-bdce-fe1ae0c74ce6,Individual,Mr.,Shibu,,,"Shibu, Arabella 1, V-419",Shibujm1@gmail.com,,,506543925,English,AED,0,Immediate on Invoicing,false,"Villa - 419, Arabella 1, Mudon",,,,,,,"Villa - 419, Arabella 1, Mudon",,United Arab Emirates,,,,,,2026-07-20T12:55:20.77299+00:00,2026-07-31T06:35:27.589765+00:00,true,,
060864bc-6e4f-4176-a6bd-72a86da460bb,Individual,,Ken,,,Ken,ken@goindices.com,0557896333,,,English,AED,0,Immediate on Invoicing,false,,,,,,,,al sidr 1A 109 greens,,United Arab Emirates,,,,,,2026-07-20T12:55:20.77299+00:00,2026-07-20T12:55:20.77299+00:00,true,,
a40ecfb6-fc43-4d6d-bfda-23e3cfd6ae06,Individual,,shaban,,,shaban,Fouad.shaban@hotmail.com,,,563765252,English,AED,0,Immediate on Invoicing,false,,,,,,,563765252,"Downtown,
Boulevard crescent 
tower1.",,United Arab Emirates,,,,563765252,,2026-07-20T12:55:20.77299+00:00,2026-07-20T12:55:20.77299+00:00,true,,
3c2ab53a-0a9c-4ed9-b9cb-169f4e4bcf26,Individual,,Gazala Aljaberi,,,Gazala Aljaberi,gazalajabri@gmail.com,522369900,,,English,AED,0,Immediate on Invoicing,false,"Urbana I - Emaar South
Apartment no-102
Block 12.",,United Arab Emirates,,,,,"Urbana I - Emaar South
Apartment no-102
Block 12.",,United Arab Emirates,,,,,,2026-07-20T12:55:20.77299+00:00,2026-07-20T12:55:20.77299+00:00,true,,
7d9dcc44-5f22-4626-9af4-67ffa1bfd056,Individual,,Iftikhar,,,Iftikhar,iftikharsiddiqui6980@gmail.com,588918509,,,English,AED,0,Immediate on Invoicing,false,zzz,,United Arab Emirates,,,,,zzzz,,United Arab Emirates,,,,,,2026-07-20T12:55:20.77299+00:00,2026-07-20T12:55:20.77299+00:00,true,,
b32ee945-fd58-4111-9858-20c67e0eebe5,Individual,,Zeid,Elhashemi,,Zeid Elhashemi,zayodhashemi1@gmail.com,509255580,,,English,AED,0,Immediate on Invoicing,false,,,,,,,,"Shoba wave grant,
flat 1105",,United Arab Emirates,,,,,,2026-07-20T12:55:20.77299+00:00,2026-07-20T12:55:20.77299+00:00,true,,
3dbed85a-daf8-4e4c-beaa-6f369c6451e7,Business,,,,,Emed al ali,,,0506553138,,English,AED,0,Immediate on Invoicing,false,,,,,,,,"Jumeirah 1., Villa 48.",,,,,0506553138,,,2026-07-20T12:55:20.77299+00:00,2026-07-20T12:55:20.77299+00:00,true,,
5f34e4d4-b9b5-494c-8908-e9e37cab0d8a,Business,,,,,Silpa,,,,,English,AED,0,Immediate on Invoicing,false,,,,,,,,,,,,,,,,2026-07-20T12:55:20.77299+00:00,2026-07-20T12:55:20.77299+00:00,true,,
228e0d57-2a91-4db3-99cf-c30ffe50c0fc,Business,,,,,Rezil Trespeces,,,,,English,AED,0,Immediate on Invoicing,false,,,,,,,,,,,,,,,,2026-07-20T12:55:20.77299+00:00,2026-07-20T12:55:20.77299+00:00,true,,
cf410284-fbe4-46f4-929e-37d0e50774b2,Business,,,,,Yousef Jaber,,,,,English,AED,0,Immediate on Invoicing,false,,,,,,,,,,,,,,,,2026-07-20T12:55:20.77299+00:00,2026-07-20T12:55:20.77299+00:00,true,,
dad455f0-85fa-45da-bccf-66bdb8f6e6df,Business,,,,,Anil Ahuja,,,,,English,AED,0,Immediate on Invoicing,false,,,,,,,,,,,,,,,,2026-07-20T12:55:20.77299+00:00,2026-07-20T12:55:20.77299+00:00,true,,
250bb9f0-28fc-4b22-ad8c-20acbd6fca8b,Business,,,,,Rana,,,,,English,AED,0,Immediate on Invoicing,false,,,,,,,,,,,,,,,,2026-07-20T12:55:20.77299+00:00,2026-07-20T12:55:20.77299+00:00,true,,
9fa34ca3-4b4e-411e-8cc4-9d88c94e6104,Business,,,,,Fahad,,,,,English,AED,0,Immediate on Invoicing,false,,,,,,,,,,,,,,,,2026-07-20T12:55:20.77299+00:00,2026-07-20T12:55:20.77299+00:00,true,,
948cef74-e1f4-4a00-8fc6-d94897d5f005,Business,,Salem Al,Neyedi,,Salem Al Neyedi,Alneyediuae@yahoo.com,544466665,,,English,AED,0,Immediate on Invoicing,false,,,,,,,,"Dubai South Park 1,, Villa 369",,United Arab Emirates,,,,,,2026-07-20T12:55:20.77299+00:00,2026-07-20T12:55:20.77299+00:00,true,,
18c9f0d1-6103-4638-a3b8-e2be823f50dc,Business,,Mirador La,Colleccion,,Mirador La Colleccion,Selma.hassan@gmail.com,0507840853,,,English,AED,0,Immediate on Invoicing,false,,,,,,,,"Arabian Ranches,
Villa 83.",,United Arab Emirates,,,,,,2026-07-20T12:55:20.77299+00:00,2026-07-20T12:55:20.77299+00:00,true,,
ac7e9402-eec7-43f6-b9be-3061276f76ea,Business,,Aakrithi,jha,,Mr.Aakriti jha,Aakriti.jha@hotmail.com,'+971567815213,,,English,AED,0,Immediate on Invoicing,false,,,,,,,,"Springs 2, street 1,
Villa 18",,United Arab Emirates,,,,,,2026-07-20T12:55:20.77299+00:00,2026-07-20T12:55:20.77299+00:00,true,,
13977594-653b-45f8-a761-89307d536480,Business,,Jaiboy,Abraham,,Mr.Jaiboy Abraham,jaiboyabraham@gmail.com,553103245,,,English,AED,0,Immediate on Invoicing,false,,,,,,,,"District 12,
Villa H69.",,United Arab Emirates,,,,,,2026-07-20T12:55:20.77299+00:00,2026-07-20T12:55:20.77299+00:00,true,,
d6b414fb-cea9-414b-92b7-3491757078dc,Business,,Shukkur,,,Shukkur,Shukkur@sandsme.com,504512280,,,English,AED,0,Immediate on Invoicing,false,,,,,,,,"JVT,
Villa D17.",,United Arab Emirates,,,,,,2026-07-20T12:55:20.77299+00:00,2026-07-20T12:55:20.77299+00:00,true,,
d964b082-82bd-4249-bd45-6b6062e8b5d6,Business,,Venkat,,,Venkat,gvrsubudhi@gmail.com,509507945,,,English,AED,0,Immediate on Invoicing,false,,,,,,,,"Arabella 1,
Villa 391.",,United Arab Emirates,,,,,,2026-07-20T12:55:20.77299+00:00,2026-07-20T12:55:20.77299+00:00,true,,
4a5d246a-555f-4f40-87ce-b6a72bdf379c,Business,,Deepthi,,,Deepthi,vinukarat@gmail.com,'+971505512675,,,English,AED,0,Immediate on Invoicing,false,,,,,,,,"Arabella 1,
Villa 385.",,United Arab Emirates,,,,,,2026-07-20T12:55:20.77299+00:00,2026-07-20T12:55:20.77299+00:00,true,,
e544fe63-83e3-4008-af84-45959de96b79,Business,,MR.Mohamed,,,MR.Mohamed,Mohdelaghil@yahoo.com,0558033443,,,English,AED,0,Immediate on Invoicing,false,"AL QUISIS,
Apartment 704,
 Block B.",,United Arab Emirates,,,,,"AL QUISIS,
Apartment 704,
 Block B.",,United Arab Emirates,,,,,,2026-07-20T12:55:20.77299+00:00,2026-07-20T12:55:20.77299+00:00,true,,
b06d423e-0260-4416-9bea-8a34b49ea410,Business,Ms.,KENZA,AYOUBY,,Ms. KENZA AYOUBY,,,0569946833,0569946833,English,AED,0,Immediate on Invoicing,false,"Emirates Hills, Villa - L51",,United Arab Emirates,,,0569946833,0569946833,"Emirates Hills, Villa - L51",,United Arab Emirates,,,0569946833,0569946833,,2026-07-20T12:55:20.77299+00:00,2026-07-20T12:55:20.77299+00:00,true,,
6370df4e-58d1-4565-bbcc-175f5594f3d1,Business,,,,,Max,maxterdes@gmail.com,0529699025,,,English,AED,0,Immediate on Invoicing,false,,,,,,,,"Villa 546,
Amaranta 1.",,United Arab Emirates,,,,,,2026-07-20T12:55:20.77299+00:00,2026-07-20T12:55:20.77299+00:00,true,,
bf819d93-59c4-4cd8-b492-f675da96c628,Business,Mr.,Mohammed Ali,Rashid,,Mr. Mohammed Ali Rashid,craftersuae@yahoo.com,,,,English,AED,0,Immediate on Invoicing,false,,,,,,,,"AL Salam,
Mudon., Villa 35.",,,,,,,,2026-07-20T12:55:20.77299+00:00,2026-07-20T12:55:20.77299+00:00,true,,
7b73fd62-0ae9-4961-aa40-f11e9139b7c6,Business,,Narin,,,Narin,craftersuae@yahoo.com,507475569,,,English,AED,0,Immediate on Invoicing,false,,,United Arab Emirates,,,,,"Burj Residences,
Apartment 3303,
Tower 7.",,United Arab Emirates,,,,,,2026-07-20T12:55:20.77299+00:00,2026-07-20T12:55:20.77299+00:00,true,,
48b189af-d0ff-472a-914f-37b28e9c3038,Business,,Nasrin,,,Nasrin,craftersuae@yahoo.com,,,,English,AED,0,Immediate on Invoicing,false,,,,,,,,"Burj Residences,
Tower 7,
Apartment 3303",,United Arab Emirates,,,,,,2026-07-20T12:55:20.77299+00:00,2026-07-20T12:55:20.77299+00:00,true,,
3662fe20-9c0d-4830-abb1-87cff341cb67,Individual,,Alfonso,Diaz,,Alfonso Diaz,alfonsodiazescudero@gmail.com,504740601,,,English,AED,0,Immediate on Invoicing,false,,,,,,,,"Redwood Park,
Jumeirah golf estate.",,United Arab Emirates,,,,,,2026-07-20T12:55:20.77299+00:00,2026-07-20T12:55:20.77299+00:00,true,,
6cf14dec-0a58-4f1f-b595-00e82a73c137,Business,,Faseela,Ibrahim,,Faseela Ibrahim,operations@glexhibitions.com,0523718977,,,English,AED,0,Immediate on Invoicing,false,,,,,,,,"Business bay,
unit 212.",,United Arab Emirates,,,,,,2026-07-20T12:55:20.77299+00:00,2026-07-20T12:55:20.77299+00:00,true,,
08fc83bf-a8cd-432c-9778-157cc2ae6369,Business,,Fatima,,,Fatima,nydafatima@yahoo.com,055 954 6868,,,English,AED,0,Immediate on Invoicing,false,,,,,,,,"Al Salam A,
Villa 24",,United Arab Emirates,,,,,,2026-07-20T12:55:20.77299+00:00,2026-07-20T12:55:20.77299+00:00,true,,
dd3c796e-7eca-4550-a3ec-254ee8571dbf,Business,Mr.,ULTRATEC 3D,PAINTING,,Mr. ULTRATEC 3D PAINTING,,,'+971543401240,,English,AED,0,Immediate on Invoicing,false,,,,,,,,"W3,B10 Zedklym Compund, B10,, DIP 2",,United Arab Emirates,,,'+971543401240,,,2026-07-20T12:55:20.77299+00:00,2026-07-20T12:55:20.77299+00:00,true,,
bf423427-0459-494c-9068-6916aac0b21f,Business,Mr.,Vineeth,,,Mr. Vineeth,vineethstays@hotmail.com,,'+971543401240,0506352620,English,AED,0,Immediate on Invoicing,false,,,,,,,0506352620,"Villa - 008, Al Naseem A, Mudon, Arabella",,,,,'+971543401240,0506352620,,2026-07-20T12:55:20.77299+00:00,2026-07-20T12:55:20.77299+00:00,true,,
0c3682c5-c9d6-4fa5-ab21-4fce2b6e144d,Business,Ms.,ANCY,BINU,IMDAAD LLC,IMDAAD LLC,Ancy.Binu@imdaad.ae,0428128888,,,English,AED,0,Immediate on Invoicing,false,,,,,,,,Jebel Ali,,United Arab Emirates,,,,,,2026-07-20T12:55:20.77299+00:00,2026-07-20T12:55:20.77299+00:00,true,,
af77acbc-0e35-4861-b967-10eb08699bcc,Business,Mr.,AHMAD,IBRAHIM,,Mr. AHMAD IBRAHIM,,,,,English,AED,0,Immediate on Invoicing,false,,,,,,,,"Villa - 20, CC 4, Centro, The Villa, Dubai land",,United Arab Emirates,,,,,,2026-07-20T12:55:20.77299+00:00,2026-07-20T12:55:20.77299+00:00,true,,
1db9bfd4-d13e-444e-bf31-61ef6c9c2957,Business,Mr.,FLORENCE,SANDERS,,Mr. FLORENCE SANDERS,Flo_sanders@hotmail.com,,,'+971 50 677 3061,English,AED,0,Immediate on Invoicing,false,,,,,,,'+971 50 677 3061,"Villa -9, Town Square",,United Arab Emirates,,,,'+971 50 677 3061,,2026-07-20T12:55:20.77299+00:00,2026-07-20T12:55:20.77299+00:00,true,,
4ee0f60e-15b0-4ead-8ecd-40586ec3902d,Business,,COALYARD,CAFE,,COALYARD CAFE,bar@coalyard.ae,,045488770,'+971 56 156 7731,English,AED,0,Immediate on Invoicing,false,,,,,,,'+971 56 156 7731,"37 St, Al Barsha 3",,,,,045488770,'+971 56 156 7731,,2026-07-20T12:55:20.77299+00:00,2026-07-20T12:55:20.77299+00:00,true,,
ff01f911-2561-45ff-bcb4-5265c20aa6e4,Business,Mr.,OMAR SAHAR,ABDULSALAM,,Mr. OMAR SAHAR ABDULSALAM,,,,0505582218,English,AED,0,Immediate on Invoicing,false,,,,,,,0505582218,"Villa - 15A, The Villa, Umm Al Sheif",,United Arab Emirates,,,,0505582218,,2026-07-20T12:55:20.77299+00:00,2026-07-20T12:55:20.77299+00:00,true,,
e7b57752-aa4a-49e0-bb35-97d1e8a42f93,Business,,MOHAMED,SADHIR,800 TEK Facilities Management LLC,800 TEK Facilities Management LLC,M.Sadhir@khidmah.com,,,,English,AED,0,Immediate on Invoicing,false,,,,,,,,"Ewan Residences, DIP",,United Arab Emirates,,,,,,2026-07-20T12:55:20.77299+00:00,2026-07-20T12:55:20.77299+00:00,true,,
ac1e9e0e-8ab9-4514-b78f-96d7c27b52f4,Business,,NEFC,,,NEFC,,,'+971 50 109 2463,050 109 2463,English,AED,0,Immediate on Invoicing,false,,,,,,,050 109 2463,"The Galleries 3, Office 1101",,United Arab Emirates,,,'+971 50 109 2463,050 109 2463,,2026-07-20T12:55:20.77299+00:00,2026-07-20T12:55:20.77299+00:00,true,,
fc093534-1d9c-47d6-8d3c-9cef427d1e1a,Business,Mr.,FAISAL,,,Mr. FAISAL,,,'+971 50 672 2276,'+971 50 672 2276,English,AED,0,Immediate on Invoicing,false,,,,,,,'+971 50 672 2276,"The Restaurant Building, Flat 12, Deira",,United Arab Emirates,,,'+971 50 672 2276,'+971 50 672 2276,,2026-07-20T12:55:20.77299+00:00,2026-07-20T12:55:20.77299+00:00,true,,
c7bedbc0-810f-4129-96dd-310da3fafe98,Business,Mr.,IZAK,VORSTER,,Mr. IZAK VORSTER,izak@nkozi.net,,,0504565823,English,AED,0,Immediate on Invoicing,false,,,,,,,0504565823,"JVC, D-12, Townhouse V-11",,United Arab Emirates,,,,0504565823,,2026-07-20T12:55:20.77299+00:00,2026-07-20T12:55:20.77299+00:00,true,,
8a8d5053-40da-4d35-b404-dbf8d4e5901f,Business,,NIVA,BEAUTY LOUNGE DMCC,,NIVA BEAUTY LOUNGE DMCC,Nivabeautylounge@gmail.com,,055 590 4513,055 590 4513,English,AED,0,Immediate on Invoicing,false,,,,,,,055 590 4513,"Plot No: JLT-PH1-L2A, Preatoni Tower, Cluster - L",JLT,United Arab Emirates,,,055 590 4513,055 590 4513,,2026-07-20T12:55:20.77299+00:00,2026-07-20T12:55:20.77299+00:00,true,,
da738042-f320-4142-9913-97d948af1a3e,Business,Mrs.,AKRITHI,JHA,,Mrs. AKRITHI JHA,Vibmis@gmail.com,,,0551612585,English,AED,0,Immediate on Invoicing,false,,,,,,,0551612585,"Villa - 18, St-1, Springs 2",,United Arab Emirates,,,,0551612585,,2026-07-20T12:55:20.77299+00:00,2026-07-20T12:55:20.77299+00:00,true,,
97898579-5f66-494f-8d71-a84af5ef8ea8,Business,Mrs.,NAWAL,MOUNIR,,Mrs. NAWAL MOUNIR,nany7780@hotmail.com,,,0509794838,English,AED,0,Immediate on Invoicing,false,,,,,,,0509794838,"Villa - F38, Frond - F, Palm Jumeirah",,United Arab Emirates,,,,0509794838,,2026-07-20T12:55:20.77299+00:00,2026-07-20T12:55:20.77299+00:00,true,,
31b81f6a-7cfc-42cf-91b1-58cad43ac07f,Business,Dr.,SUNDARI,,SUNDARI POLYCLINIC,Dr. SUNDARI,Drsindy@sundari.ae,,050 420 4960,050 420 4960,English,AED,0,Immediate on Invoicing,false,,,,,,,050 420 4960,"Sundari Polyclinic, Villa 1, street 1,, Al Barsha 2",,United Arab Emirates,,,050 420 4960,050 420 4960,,2026-07-20T12:55:20.77299+00:00,2026-07-20T12:55:20.77299+00:00,true,,
4e8ddcd6-0d61-4a12-81d0-41738d94fd52,Business,Mr.,YANNICK,PAGES,,Mr. YANNICK PAGES,Yptwiss@hotmail.com,,561218380,561218380,English,AED,0,Immediate on Invoicing,false,,,,,,,561218380,"Villa -5, St-1,, Springs 2",,United Arab Emirates,,,561218380,561218380,,2026-07-20T12:55:20.77299+00:00,2026-07-20T12:55:20.77299+00:00,true,,
3f766a4d-8d0a-45d0-8e5a-076da6d395ea,Business,,BIN LAHEJ,CEMENT PRODUCTS LLC,,BIN LAHEJ CEMENT PRODUCTS LLC,blcp@eim.ae,048802080,,0504511707,English,AED,0,Immediate on Invoicing,false,,,,,,,0504511707,JA Industrial area 3,,United Arab Emirates,,,,0504511707,,2026-07-20T12:55:20.77299+00:00,2026-07-20T12:55:20.77299+00:00,true,,
eef75124-3ecb-44a9-a279-da851487e8bd,Business,Mr.,AMAN,,,Mr. AMAN,amansinghdeol1998@gmail.com,,,0524995181,English,AED,0,Immediate on Invoicing,false,,,,,,,0524995181,"APT - 203, BLVD HEIGHTS",,United Arab Emirates,,,,0524995181,,2026-07-20T12:55:20.77299+00:00,2026-07-20T12:55:20.77299+00:00,true,,
4b5db0c5-7baf-457c-bfc9-e1f3cb5d8dbd,Business,Ms.,SUNANDA,,,Ms. SUNANDA,punnappilly@yahoo.com,,0507580865,0507580865,English,AED,0,Immediate on Invoicing,false,,,,,,,0507580865,"Villa - 160, The Turf, Damac Hills",,United Arab Emirates,,,0507580865,0507580865,,2026-07-20T12:55:20.77299+00:00,2026-07-20T12:55:20.77299+00:00,true,,
8164bbd5-b6c5-42f1-be3c-c441d0e959ee,Business,Mr.,ALANA,,,Mr. ALANA,humphreysalana63@gmail.com,,0585240719,0585240719,English,AED,0,Immediate on Invoicing,false,,,,,,,0585240719,"Apt - 408, Tower-F,, Al Andalus Towers,",Jumeirah Golf Estate,United Arab Emirates,,,0585240719,0585240719,,2026-07-20T12:55:20.77299+00:00,2026-07-20T12:55:20.77299+00:00,true,,
0db356e4-0deb-4937-9a33-c41c7f3f74eb,Business,Mr.,RASHID,,,Mr. RASHID,tahani_almehairi@hotmail.com,,050 289 8222,050 289 8222,English,AED,0,Immediate on Invoicing,false,,,,,,,050 289 8222,Near ADCB Metro Station,,United Arab Emirates,,,050 289 8222,050 289 8222,,2026-07-20T12:55:20.77299+00:00,2026-07-20T12:55:20.77299+00:00,true,,
6167c716-fb0e-48f3-a2c2-45b92fbbfeb6,Business,Mr.,MARIE,LYNCH,,Mr. MARIE LYNCH,marie_lynch@hotmail.com,,,,English,AED,0,Immediate on Invoicing,false,,,,,,,,"Villa-12, 16th street, Jumeirah 2",,United Arab Emirates,,,,,,2026-07-20T12:55:20.77299+00:00,2026-07-20T12:55:20.77299+00:00,true,,
2ad17e31-6450-425d-83d7-ce229c581306,Business,Mr.,SALMAN,TARIQ,,Mr. SALMAN TARIQ,Salman.taric@gmail.com,,0552356446,0552356446,English,AED,0,Immediate on Invoicing,false,,,,,,,0552356446,"House 161 , Cluster turf, Damac Hills 1",,United Arab Emirates,,,0552356446,0552356446,,2026-07-20T12:55:20.77299+00:00,2026-07-20T12:55:20.77299+00:00,true,,
72caad67-9641-4e62-bea5-e87ed4b240d8,Business,Mr.,AMMAR,,,Mr. AMMAR,Ammar.na@gmail.com,,,,English,AED,0,Immediate on Invoicing,false,,,,,,,,"Apt- 201,, Living Legends Building",,United Arab Emirates,,,,,,2026-07-20T12:55:20.77299+00:00,2026-07-20T12:55:20.77299+00:00,true,,
1ddacb42-4de7-445c-b2d8-966bd61b27bd,Business,Mr.,RAJ,BAL,,Mr. RAJ BAL,g.petallar@cbemirates.ae,,0527259450,0527259450,English,AED,0,Immediate on Invoicing,false,,,,,,,0527259450,"V-562, Maple, Dubai Hills",,United Arab Emirates,,,0527259450,0527259450,,2026-07-20T12:55:20.77299+00:00,2026-07-20T12:55:20.77299+00:00,true,,
09e18474-5756-4c65-88a8-417f50f136f7,Business,,THE,FIRST COLLECTION,,THE FIRST COLLECTION,vysakh.sadanandan@thefirstcollection.ae,048734489,,0523048355,English,AED,0,Immediate on Invoicing,false,,,,,,,0523048355,"The First Collection, Al Amal Street, Business Bay",,United Arab Emirates,,,,0523048355,,2026-07-20T12:55:20.77299+00:00,2026-07-20T12:55:20.77299+00:00,true,,
ba83f107-0046-4eb3-a1ec-e88edd279fe5,Business,Mr.,RYAN,,,Mr. RYAN,g.petallar@cbemirates.ae,,0585977423,0585977423,English,AED,0,Immediate on Invoicing,false,,,,,,,0585977423,"Apt-3703, BLVD Heights Tower 2, Dubai Hills",,United Arab Emirates,,,0585977423,0585977423,,2026-07-20T12:55:20.77299+00:00,2026-07-20T12:55:20.77299+00:00,true,,
15c12507-2956-4f4f-aefb-f8658972a77d,Business,Mr.,ALI,JALVAN,,Mr. ALI JALVAN,G.petallar@cbemirates.ae,,0554468301,0554468301,English,AED,0,Immediate on Invoicing,false,,,,,,,0554468301,"APT-3603,, BLVD HEIGHTS, TOWER 2",,United Arab Emirates,,,0554468301,0554468301,,2026-07-20T12:55:20.77299+00:00,2026-07-20T12:55:20.77299+00:00,true,,
7cf56de0-ca9b-49bd-8bfc-682eb0b8be08,Business,Mrs.,KATRIONA,MARSHALL,,Mrs. KATRIONA MARSHALL,Katrionamarshall@hotmail.com,,,0557373010,English,AED,0,Immediate on Invoicing,false,,,,,,,0557373010,"Villa-82, Al Habtoor Polo Villas",,United Arab Emirates,,,,0557373010,,2026-07-20T12:55:20.77299+00:00,2026-07-20T12:55:20.77299+00:00,true,,
bd74a8aa-51cf-434f-a6a3-9aecf05cd005,Business,Mr.,MOHAMED,SELAMA,,Mr. MOHAMED SELAMA,hselama1@hotmail.com,,050 105 0170,0501050170,English,AED,0,Immediate on Invoicing,false,,,,,,,0501050170,"Villa-RW01, Centro Camino 11",,United Arab Emirates,,,050 105 0170,0501050170,,2026-07-20T12:55:20.77299+00:00,2026-07-20T12:55:20.77299+00:00,true,,
6002a408-a186-4137-9118-fb2a7138fed3,Business,Mr.,EYMEN,YAKUT,,Mr. EYMEN YAKUT,eymenyakut@gmail.com,,0508406201,0508406201,English,AED,0,Immediate on Invoicing,false,,,,,,,0508406201,Apt - The Greens Travo B,,United Arab Emirates,,,0508406201,0508406201,,2026-07-20T12:55:20.77299+00:00,2026-07-20T12:55:20.77299+00:00,true,,
ebb6f5d2-bb46-486b-b38a-948fc047acb3,Business,Mr.,NICOLAS,,,Mr. NICOLAS,,,0521920214,0521920214,English,AED,0,Immediate on Invoicing,false,,,,,,,0521920214,"Office-205, Building 2, Bay Square, Business Bya",Downtown,United Arab Emirates,,,0521920214,0521920214,,2026-07-20T12:55:20.77299+00:00,2026-07-20T12:55:20.77299+00:00,true,,
ecafcad5-4989-4d17-9fcc-78df19fe799a,Business,,GARDENCITY,GROCERY,,GARDENCITY GROCERY,Gardencitydip@gmail.com,,,,English,AED,0,Immediate on Invoicing,false,,,,,,,,DIP,,United Arab Emirates,,,,,,2026-07-20T12:55:20.77299+00:00,2026-07-20T12:55:20.77299+00:00,true,,
b6c03256-ee7d-4752-b013-2d2e402d4dca,Business,,ONTEGRA,FACILITIES MANAGEMENT,,ONTEGRA FACILITIES MANAGEMENT,vidhyav@ontegra.ae,,,0527745519.,English,AED,0,Immediate on Invoicing,false,,,,,,,0527745519.,"51 TOWER, BUSINESS BAY",,United Arab Emirates,,,,0527745519.,,2026-07-20T12:55:20.77299+00:00,2026-07-20T12:55:20.77299+00:00,true,,
bc380eb2-33b5-4c88-ae77-9e84817e6137,Business,Mr.,Kumar,,,Mr. Kumar,pm@skyviewdubai.com,,055 106 6856,055 106 6856,English,AED,0,Immediate on Invoicing,false,,,,,,,055 106 6856,"Apartment -601, Lago vista Tower B",,United Arab Emirates,,,055 106 6856,055 106 6856,,2026-07-20T12:55:20.77299+00:00,2026-07-20T12:55:20.77299+00:00,true,,
0f21df80-8910-4e4a-a636-ab290d7def25,Business,Mr.,JUMAR,,,Mr. JUMAR,pm@skyviewdubai.com,,,055 106 6856,English,AED,0,Immediate on Invoicing,false,,,,,,,055 106 6856,"APT-601,, Lago Vista, Tower B",,United Arab Emirates,,,,055 106 6856,,2026-07-20T12:55:20.77299+00:00,2026-07-20T12:55:20.77299+00:00,true,,
e1095eb1-5fbb-4818-a55a-fce817d75dac,Business,Mr.,AKRAM,,,Mr. AKRAM,,,,,English,AED,0,Immediate on Invoicing,false,,,,,,,,"APT-510, RAWDA TOWER 2",,United Arab Emirates,,,,,,2026-07-20T12:55:20.77299+00:00,2026-07-20T12:55:20.77299+00:00,true,,
913710e8-183c-4d4b-9a1a-eb1ca1da54dd,Business,,LUNAR,ELECTRO LLC,,LUNAR ELECTRO LLC,mahroof@lunar.ae,,,,English,AED,0,Immediate on Invoicing,false,,,,,,,,,,,,,,,,2026-07-20T12:55:20.77299+00:00,2026-07-20T12:55:20.77299+00:00,true,,
94f78d69-b699-4135-a71a-c81c7370e97c,Business,Mr.,KAILASH,NAGDEV,,KAILASH NAGDEV,Knagdev@gmail.com,,,0529526661,English,AED,0,Immediate on Invoicing,false,,,,,,,0529526661,"Villa - 262, Arabella 3,, Mudon",,United Arab Emirates,,,,0529526661,,2026-07-20T12:55:20.77299+00:00,2026-07-20T12:55:20.77299+00:00,true,,
3146ae6b-f23b-478e-9422-851e28a5f093,Business,Mr.,BRANDON,,,BRANDON,brandon@skyviewdubai.com,,,,English,AED,0,Immediate on Invoicing,false,,,,,,,,"VILLA-3, JVC",,United Arab Emirates,,,,,,2026-07-20T12:55:20.77299+00:00,2026-07-20T12:55:20.77299+00:00,true,,
f7cfd651-50ef-4ba6-b626-061aa57bce81,Business,,DAYNE,BOS,,DAYNE BOS,,,,0508410701,English,AED,0,Immediate on Invoicing,false,,,,,,,0508410701,"Apt - 9001,, Princess Tower",Marina,United Arab Emirates,,,,0508410701,,2026-07-20T12:55:20.77299+00:00,2026-07-20T12:55:20.77299+00:00,true,,
d1ce1a13-f754-41b7-bfa1-08ac1d0917d3,Business,Mr.,HAJIM,,,Mr. HAJIM,hajim@bena.ae,,,,English,AED,0,Immediate on Invoicing,false,,,,,,,,"Villas - 8, Jumeirah 1",,United Arab Emirates,,,,,,2026-07-20T12:55:20.77299+00:00,2026-07-20T12:55:20.77299+00:00,true,,
7e546a4f-f755-4b5a-85d9-35ce7c34da4b,Business,Mr.,RIKRY,ANNE,,Mr. RIKRY ANNE,rikryanne@gmail.com,,,,English,AED,0,Immediate on Invoicing,false,,,,,,,,"APT-804,, Al Andalus Tower B",Jumeirah Golf Estate,United Arab Emirates,,,,,,2026-07-20T12:55:20.77299+00:00,2026-07-20T12:55:20.77299+00:00,true,,
ffb2111f-d89e-4ddd-a516-da00638e9dcd,Business,Mrs.,JENNY,TAYLOR,,JENNY TAYLOR,Jen.Taylor2305@yahoo.co.uk,,,0505640113,English,AED,0,Immediate on Invoicing,false,,,,,,,0505640113,"Villa B574, Elan, Tilal Al Ghaf",Near sports city,United Arab Emirates,,,,0505640113,,2026-07-20T12:55:20.77299+00:00,2026-07-20T12:55:20.77299+00:00,true,,
b18c5d1e-1ae5-4afe-90c4-8ed333aee3ae,Business,,FOUQUET,RESTAURANT,,FOUQUET RESTAURANT,masadik@fouquets.com,,,,English,AED,0,Immediate on Invoicing,false,,,,,,,,,,,,,,,,2026-07-20T12:55:20.77299+00:00,2026-07-20T12:55:20.77299+00:00,true,,
a8b4c7b4-1caa-43eb-89b2-ea35bd15a2a8,Individual,Mr.,BANAH,OKASHA,,BANAH OKASHA,bana.okasheh@gmail.com,,,0562525238,English,AED,0,Immediate on Invoicing,false,,,,,,,0562525238,"TOWNHOUSE T21, DISTRICT 8,, TULIP STREET",JVT,United Arab Emirates,,,,0562525238,,2026-07-20T12:55:20.77299+00:00,2026-07-20T12:55:20.77299+00:00,true,,
6bd5025c-9f1b-47ca-94ab-56dbbc2e132f,Individual,Mr.,JIMMY,,,JIMMY,Jimmy_makhlouf831@hotmail.com,,,552849460,English,AED,0,Immediate on Invoicing,false,,,,,,,552849460,"Urbana III, Dubai Hills Estate",,United Arab Emirates,,,,552849460,,2026-07-20T12:55:20.77299+00:00,2026-07-20T12:55:20.77299+00:00,true,,
53ada261-852d-4fa9-946e-d6f1d5c3fbdf,Individual,Mr.,BENJAMIN,,,BENJAMIN,ben.pritchard1986@gmail.com,,,561373522,English,AED,0,Immediate on Invoicing,false,,,,,,,561373522,,,,,,,561373522,,2026-07-20T12:55:20.77299+00:00,2026-07-20T12:55:20.77299+00:00,true,,
4bc39d49-5479-4b00-aaf1-44de14a9d8d0,Individual,Mr.,AKSHAY,DOSAJ,,AKSHAY DOSAJ,Akshay.Dosaj@purplehoneygroup.com,,0509749999,509749999,English,AED,0,Immediate on Invoicing,false,,,,,,,509749999,"Villa B7, Street B10, District 2",Jumeirah Park,United Arab Emirates,,,0509749999,509749999,,2026-07-20T12:55:20.77299+00:00,2026-07-20T12:55:20.77299+00:00,true,,
49b8eade-b15a-4475-9f5b-0ed92382b12c,Individual,Mr.,GILL,BOOTH,,GILL BOOTH,booths2009@icloud.com,,,544666560,English,AED,0,Immediate on Invoicing,false,,,,,,,544666560,"Cedre villas B20, B Street,, Silicon oasis,",,United Arab Emirates,,,,544666560,,2026-07-20T12:55:20.77299+00:00,2026-07-20T12:55:20.77299+00:00,true,,
a10569ac-45ea-4bf1-ae0c-c22bffd5b54d,Business,,DHL GLOBAL FORWARDING ABU DHABI - SOLE PROPRIETORSHIP L.L.C.,,,DHL GLOBAL FORWARDING ABU DHABI - SOLE PROPRIETORSHIP L.L.C.,viraj.pillai@dhl.com,,,'+971504453105,English,AED,0,Immediate on Invoicing,false,,,,,,,'+971504453105,"A8, SkyCity Logistics Park, International Airport,",,United Arab Emirates,,,,'+971504453105,,2026-07-20T12:55:20.77299+00:00,2026-07-20T12:55:20.77299+00:00,true,,
1bf2b263-ad85-4dcd-a3fd-60be751ea8c3,Business,Mrs.,RESHMA,,,RESHMA,Reshma0507@yahoo.co.uk,,,,English,AED,0,Immediate on Invoicing,false,,,,,,,,"Flat No: 4039, Building No. Terrace, Apartments Green Community",DIP,United Arab Emirates,,,,,,2026-07-20T12:55:20.77299+00:00,2026-07-20T12:55:20.77299+00:00,true,,
5c2c3e08-3121-4f9c-b66c-902b6692820a,Business,Mrs.,LOUISE,HEANEY,,LOUISE HEANEY,lfrith@hotmail.com,,0505311447,0505311447,English,AED,0,Immediate on Invoicing,false,,,,,,,0505311447,"G42, D5, Jumeirah Park",,United Arab Emirates,,,0505311447,0505311447,,2026-07-20T12:55:20.77299+00:00,2026-07-20T12:55:20.77299+00:00,true,,
4888af62-cd45-496d-9d05-36ed7d064f41,Business,Mr.,KATE,,,KATE,Mcgill.kate@gmail.com,,509791589,509791589,English,AED,0,Immediate on Invoicing,false,,,,,,,509791589,"607, Tower B,, Al Andalus",Jumeirah Golf Estates,United Arab Emirates,,,509791589,509791589,,2026-07-20T12:55:20.77299+00:00,2026-07-20T12:55:20.77299+00:00,true,,
a1eb1f6a-d1e4-4345-b5ee-a34240fc80b6,Business,Mr.,TURKER,TURKER,,TURKER,doubleturker@gmail.com,,582911637,582911637,English,AED,0,Immediate on Invoicing,false,,,,,,,582911637,"JVT, D-7",,United Arab Emirates,,,582911637,582911637,,2026-07-20T12:55:20.77299+00:00,2026-07-20T12:55:20.77299+00:00,true,,
711480fe-d288-4324-82f9-51e80c858bc2,Business,Mrs.,MEENA,PATHAK,,MEENA PATHAK,meenapathak.spice@gmail.com,,0566573838,0566573838,English,AED,0,Immediate on Invoicing,false,,,,,,,0566573838,"Villa 9, Cluster 20,, Jumeirah Islands, Cluster 10 - 1st Road",,United Arab Emirates,,,0566573838,0566573838,,2026-07-20T12:55:20.77299+00:00,2026-07-20T12:55:20.77299+00:00,true,,
502f63bf-7f99-4a94-b58a-b85a9e2e2872,Individual,Mr.,SASHIN,,,SASHIN,,,,0545499395,English,AED,0,Immediate on Invoicing,false,,,,,,,0545499395,"V-88, Frond-A, Palm Jumeirah",,United Arab Emirates,,,,0545499395,,2026-07-20T12:55:20.77299+00:00,2026-07-20T12:55:20.77299+00:00,true,,
4382a560-9b2a-4697-a794-082088055f77,Business,Mrs.,CLEANCO CLEANING SERVICE,& BUILDING MAINTENANCE,,CLEANCO CLEANING SERVICE & BUILDING MAINTENANCE,,,,,English,AED,0,Immediate on Invoicing,false,,,,,,,,JAFZA,,United Arab Emirates,,,,,,2026-07-20T12:55:20.77299+00:00,2026-07-20T12:55:20.77299+00:00,true,,
0f0cad2e-4b2c-494b-b2c2-bdfbdeab27ab,Business,Mr.,PETER,DROMMOND,,PETER DROMMOND,,,,,English,AED,0,Immediate on Invoicing,false,,,,,,,,"Villa - 54, St - 2, Palmera 1",Arabian Ranches,United Arab Emirates,,,,,,2026-07-20T12:55:20.77299+00:00,2026-07-20T12:55:20.77299+00:00,true,,
35a2c58d-04b1-45ae-950b-ea404427abb0,Business,,MAHIR TECHNICAL SERVICES,,,MAHIR TECHNICAL SERVICES,,,,0525361240,English,AED,0,Immediate on Invoicing,false,,,,,,,0525361240,"Noona, Flat - 219, JVC",,United Arab Emirates,,,,0525361240,,2026-07-20T12:55:20.77299+00:00,2026-07-20T12:55:20.77299+00:00,true,,
c17dac9c-0d9a-45d9-b1a4-579feffc1e1c,Individual,,S K,Asgar Ali,,S K Asgar Ali,,,0528296797,0528296797,English,AED,0,Immediate on Invoicing,false,,,,,,,0528296797,"APT- 315, BUILDING-5, ST-1",DISCOVERY GARDENS,United Arab Emirates,,,0528296797,0528296797,,2026-07-20T12:55:20.77299+00:00,2026-07-20T12:55:20.77299+00:00,true,,
7ec51f6f-a8cb-48ed-a72b-e40a199fd4dc,Individual,,STEPHANIE,,,STEPHANIE,sjtmcc@gmail.com,,,971506401220,English,AED,0,Immediate on Invoicing,false,"Villa 250,, CASA VIVA SERENA",DUBAI,United Arab Emirates,,,,971506401220,"Villa 250,, CASA VIVA SERENA",DUBAI,United Arab Emirates,,,,971506401220,,2026-07-20T12:55:20.77299+00:00,2026-07-20T12:55:20.77299+00:00,true,,
201859c4-2d7f-4976-b4bf-b8db54e0c4a6,Individual,,TIANRUI,LI,,TIANRUI LI,eliotbale@gmail.com,,,971588067673,English,AED,0,Immediate on Invoicing,false,"BUILDING No. 56, APT. 004, STREET 4, 
DISCOVERY GARDEN",DUBAI,United Arab Emirates,,,,971588067673,"BUILDING No. 56, APT. 004, STREET 4, 
DISCOVERY GARDEN",DUBAI,United Arab Emirates,,,,971588067673,,2026-07-20T12:55:20.77299+00:00,2026-07-20T12:55:20.77299+00:00,true,,
ac040e2c-d670-4921-b3f6-7e74a7fb4dbb,Individual,Mr.,DAVID,MOCHAR,,DAVID MOCHAR,d_mochar@hotmail.com,,,,English,AED,0,Immediate on Invoicing,false,"VILLA D-002, AL SALAM,
MUDON",,United Arab Emirates,,,,,"VILLA D-002, AL SALAM,
MUDON",,United Arab Emirates,,,,,,2026-07-20T12:55:20.77299+00:00,2026-07-20T12:55:20.77299+00:00,true,,
dbf7cbaa-3dd3-49bd-b6f1-31193c20e2df,Business,,DREAM SCREEN,GAMING VANUE LLC,,DREAM SCREEN GAMING VANUE LLC,hosukko@naver.com,,,,English,AED,0,Immediate on Invoicing,false,,,,,,,,,,,,,,,,2026-07-20T12:55:20.77299+00:00,2026-07-20T12:55:20.77299+00:00,true,,
de832deb-5da8-4287-bebd-ede06032c096,Business,,INSPIRE INTEGRATED,FACILITIES MANAGEMENT LLC,,INSPIRE INTEGRATED FACILITIES MANAGEMENT LLC,,,,,English,AED,0,Immediate on Invoicing,false,,,,,,,,"Atlantic Tower, Dubai Marina",,United Arab Emirates,,,,,,2026-07-20T12:55:20.77299+00:00,2026-07-20T12:55:20.77299+00:00,true,,
d06a09e5-4aca-42b0-a975-631acabad70d,Business,,GROUP 4 SECURICOR FACILITY SERVICES LLC,DUBAI BRANCH,,G4S SECURE SOLUTIONS LLC,,,,,English,AED,0,Immediate on Invoicing,false,,,,,,,,INDIGO TOWER 07,,United Arab Emirates,,,,,,2026-07-20T12:55:20.77299+00:00,2026-07-20T12:55:20.77299+00:00,true,,
de8bbacc-b81a-48f4-a0a0-f8e666ad635a,Business,,BARAKAT,QUALITY PLUS LLC,,BARAKAT QUALITY PLUS LLC,,,,,English,AED,0,Immediate on Invoicing,false,,,,,,,,Jabal Ali Industrial Area 2,,United Arab Emirates,,,,,,2026-07-20T12:55:20.77299+00:00,2026-07-20T12:55:20.77299+00:00,true,,
1844d9bf-80ce-47b1-b7ee-5216111bcc46,Business,Mr.,JEERAJ,AUGUSTINE,,JEERAJ AUGUSTINE,,,0508712878,,English,AED,0,Immediate on Invoicing,false,,,,,,,,"V-592, La Rosa 3, Villanova",,United Arab Emirates,,,0508712878,,,2026-07-20T12:55:20.77299+00:00,2026-07-20T12:55:20.77299+00:00,true,,
dde3fe1c-457e-43de-ab36-b7ca8f56bf11,Business,Dr.,SORBET,POLYCLINIC LLC,,SORBET POLYCLINIC LLC,,,,,English,AED,0,Immediate on Invoicing,false,,,,,,,,"Villa 1, street 1, Al Barsha 2",,United Arab Emirates,,,,,,2026-07-20T12:55:20.77299+00:00,2026-07-20T12:55:20.77299+00:00,true,,
02a0ca3b-0efa-40c5-8ee7-8be5eac8d6e8,Business,Mr.,ROOPESH,,,ROOPESH,,,,,English,AED,0,Immediate on Invoicing,false,,,,,,,,,,,,,,,,2026-07-20T12:55:20.77299+00:00,2026-07-20T12:55:20.77299+00:00,true,,
3bf5e2c4-45f0-4c85-86d7-be1a878c1dbd,Business,,JACQUI,YOUNG,,JACQUI YOUNG,Jacsanddavid@hotmail.com,,501648690,501648690,English,AED,0,Immediate on Invoicing,false,,,,,,,501648690,"V-49 Avenue,, Mirador La Coleccion,",Arabian Ranches,United Arab Emirates,,,501648690,501648690,,2026-07-20T12:55:20.77299+00:00,2026-07-20T12:55:20.77299+00:00,true,,
1c33bfe9-afe7-412a-8999-c18416c454c0,Business,,ANNA MARIA,NIELSEN,,ANNA MARIA NIELSEN,Anna7maria@gmail.com,,,,English,AED,0,Immediate on Invoicing,false,,,,,,,,"BLDG A1, 205,, AL SAFA.",,United Arab Emirates,,,,,,2026-07-20T12:55:20.77299+00:00,2026-07-20T12:55:20.77299+00:00,true,,
0e7cdd74-ac6d-4445-a2a8-46b8b5381f6c,Business,,MUSTAFA,KATTAYAT,BRAND VALUE PROJECT MANAGEMENT SERVICES CO. LLC,BRAND VALUE PROJECT MANAGEMENT SERVICES CO. LLC,mustafakattayat@gmail.com,,544484841,544484841,English,AED,0,Immediate on Invoicing,false,,,,,,,544484841,"V-268, La Rosa 2, Villanova",,United Arab Emirates,,,544484841,544484841,,2026-07-20T12:55:20.77299+00:00,2026-07-20T12:55:20.77299+00:00,true,,
ae880072-eb16-41b7-8a43-5a5fbc4ea38f,Business,,ABBAS,KANISAN,,ABBAS KANISAN,abbas_km@hotmail.com,,554509290,554509290,English,AED,0,Immediate on Invoicing,false,,,,,,,554509290,"V-694, La Rosa 4, Villanova",,United Arab Emirates,,,554509290,554509290,,2026-07-20T12:55:20.77299+00:00,2026-07-20T12:55:20.77299+00:00,true,,
c746deee-2cde-4636-8bf6-826edbf06ec9,Business,Mr.,MARC,CHAMMAA,,MARC CHAMMAA,marc_chammaa@hotmail.com,,,0502375533,English,AED,0,Immediate on Invoicing,false,,,,,,,0502375533,"Townhouse 508, Al Ghadeer phase 2",Al Hadreyah,United Arab Emirates,,,,0502375533,,2026-07-20T12:55:20.77299+00:00,2026-07-20T12:55:20.77299+00:00,true,,
659ef9a2-7bdb-4bab-8804-7136a0c498ec,Business,,AGE,STEEL LIMITED,,AGE STEEL LIMITED,pa@ageintrade.com,'+971 44 232 111,,,English,AED,0,Immediate on Invoicing,false,,,,,,,,"JEBEL ALI FREE ZONE, X2 TOWER, 36th FLOOR, X-Cluster",JLT,United Arab Emirates,,,,,,2026-07-20T12:55:20.77299+00:00,2026-07-20T12:55:20.77299+00:00,true,,
9ad3963b-c874-4ffe-9866-122f54329136,Business,Mrs.,UZMA,,,UZMA,Uzmakausar11@gmail.com,,,971 55 535 5379,English,AED,0,Immediate on Invoicing,false,,,,,,,971 55 535 5379,"V-250, Arabella - 1",,United Arab Emirates,,,,971 55 535 5379,,2026-07-20T12:55:20.77299+00:00,2026-07-20T12:55:20.77299+00:00,true,,
051d4aa7-bbc5-4b8d-8f2b-12e03911a495,Business,,H.H SHAIKHA HISSA MAKTOUM,JUMA AL MAKTOUM,,H.H SHAIKHA HISSA MAKTOUM JUMA AL MAKTOUM,abdulwadood@ghadeere.com,043521662,,0543030834,English,AED,0,Immediate on Invoicing,false,,,,,,,0543030834,"H.H. SHAIKHA HISSA LISSAILY FARMHOUSE, Al Ain Road",,United Arab Emirates,,,,0543030834,,2026-07-20T12:55:20.77299+00:00,2026-07-20T12:55:20.77299+00:00,true,,
781f7c66-ee7d-40f7-87a1-8a7bf0acd6bc,Business,Mr.,ZAAL,,,ZAAL,Zaal84@gmail.com,,,508410701,English,AED,0,Immediate on Invoicing,false,,,,,,,508410701,"Apt-1401,, The Atria Residence",,United Arab Emirates,,,,508410701,,2026-07-20T12:55:20.77299+00:00,2026-07-20T12:55:20.77299+00:00,true,,
e7f33cde-6e79-4c09-af6e-d11e2a4d39e7,Business,Mr.,FUAD,ASHREFF,,FUAD ASHREFF,Fuad.ashreff@gmail.com,,,507626572,English,AED,0,Immediate on Invoicing,false,,,,,,,507626572,"Hous-374, Mira Oasis 2,",,United Arab Emirates,,,,507626572,,2026-07-20T12:55:20.77299+00:00,2026-07-20T12:55:20.77299+00:00,true,,
885ca389-a8f9-412e-a78e-c38e077068d7,Business,Mr.,SUNIL,MENON,,SUNIL MENON,kavithusunil@gmail.com,,,568272342,English,AED,0,Immediate on Invoicing,false,"Villa - 755, Mudon 1",Arabella,United Arab Emirates,,,,568272342,"V-418, Arabella, Mudon",,United Arab Emirates,,,,568272342,,2026-07-20T12:55:20.77299+00:00,2026-07-20T12:55:20.77299+00:00,true,,
2505f48e-9451-4bbe-9e10-5fcdd31e7395,Business,Mr.,MUHAMMAD,ABBAS,,MUHAMMAD ABBAS,,,,,English,AED,0,Immediate on Invoicing,false,,,,,,,,"Office - 168, European Business Centre",DIP,United Arab Emirates,,,,,,2026-07-20T12:55:20.77299+00:00,2026-07-20T12:55:20.77299+00:00,true,,
63ca90e8-3d80-4738-bd7a-4a9cb6a6265a,Business,,ACWA POWER,,NOMAC Maintenance Energy Services LLC,NOMAC Maintenance Energy Services LLC,,,,,English,AED,0,Immediate on Invoicing,false,,,,,,,,"Office No. 3405, The One Tower,, Barsha Heights, Sheikh Zayed Road,",,United Arab Emirates,,,,,,2026-07-20T12:55:20.77299+00:00,2026-07-20T12:55:20.77299+00:00,true,,
294fbeef-fb09-43fb-905c-03c4e5fa07f0,Business,,UNKNOWN,,,UNKNOWN,,,,,English,AED,0,Immediate on Invoicing,false,,,,,,,,"Apt - 303, Al Husan Marina Apartment",Marina,United Arab Emirates,,,,,,2026-07-20T12:55:20.77299+00:00,2026-07-20T12:55:20.77299+00:00,true,,
ef9d9a36-55e0-46b9-b99b-47a0189c1f3d,Business,,DUBAI OUTLET MALL,,,DUBAI OUTLET MALL,,,,,English,AED,0,Immediate on Invoicing,false,,,,,,,,Dubai Outlet Mall,,United Arab Emirates,,,,,,2026-07-20T12:55:20.77299+00:00,2026-07-20T12:55:20.77299+00:00,true,,
3473b2c9-82b4-4f11-96ae-fc0673223dd4,Business,,FATIMA,KHAN,,FATIMA KHAN,,,0585501276,,English,AED,0,Immediate on Invoicing,false,,,,,,,,"Villa-53, Arabella 1, Mudon",,United Arab Emirates,,,0585501276,,,2026-07-20T12:55:20.77299+00:00,2026-07-20T12:55:20.77299+00:00,true,,
057b871d-99ca-4ded-af92-2922fd5c27b6,Business,,SMART FLEET,CAR RENTAL,,SMART FLEET CAR RENTAL,,,0524750521,,English,AED,0,Immediate on Invoicing,false,,,,,,,,"5C Office Gate building, IBN Battuta Gate Building",,United Arab Emirates,,,0524750521,,,2026-07-20T12:55:20.77299+00:00,2026-07-20T12:55:20.77299+00:00,true,,
2d07f6be-2cad-4043-82e0-ba632832f7d6,Business,,RESSER,LLC,,RESSER LLC,,,,0559798551,English,AED,0,Immediate on Invoicing,false,,,,,,,0559798551,"Office-2703, Boulevard Plaza Tower 1",Downtown,United Arab Emirates,,,,0559798551,,2026-07-20T12:55:20.77299+00:00,2026-07-20T12:55:20.77299+00:00,true,,
c6c0de81-8051-4164-9aaa-67e6f543d028,Business,,Rayjo,Paul,,"Rayjo Paul La Rosa 3, V-511",rayjopaul78@gmail.com,,565772612,565772612,English,AED,0,Immediate on Invoicing,false,"La Rosa 3, V-511",,,,,,565772612,"V-511, La Rosa 3, Villanova",,United Arab Emirates,,,565772612,565772612,,2026-07-20T12:55:20.77299+00:00,2026-07-31T04:34:27.446644+00:00,true,,
6a7d82a5-0c02-461a-b5fd-3a508b2ff804,Business,,Muhammad Riaz,Zubair,,"Riaz Zubair, La Rosa 3,  V-625, ",riazubair@gmail.com,,502834580,502834580,English,AED,0,Immediate on Invoicing,false,"La Rosa 3,  V-625, ",Dubai,,,,,502834580,"La Rosa 3,  V-625, ",Dubai,United Arab Emirates,,,502834580,502834580,,2026-07-20T12:55:20.77299+00:00,2026-07-31T04:24:52.283984+00:00,true,,
c0ddcd1d-63b8-47c2-8b6a-e3aba5626750,Business,,Jacob,Abraham,,"Jacob Abraham, La Rosa 1, V-59",jacobramangalam@yahoo.co.in,,556259629,556259629,English,AED,0,Immediate on Invoicing,false," La Rosa 1, V-59",,,,,,556259629,"V-059, La Rosa 1, Villanova",,United Arab Emirates,,,556259629,556259629,,2026-07-20T12:55:20.77299+00:00,2026-07-31T04:55:07.698394+00:00,true,,
711d9fd4-770c-4bc5-ba44-933dfa589169,Business,Mr.,Santhosh,Kurumbail,,"Santhosh, Amaranta 2, V-337",santhosh.kurumbail@gmail.com,,,,English,AED,0,Immediate on Invoicing,false,"V-337, Amaranta 2",Dubai,,,,,,"V-337, Amaranta 2, Villanova",Dubai,United Arab Emirates,,,,,,2026-07-20T12:55:20.77299+00:00,2026-07-31T05:26:29.205598+00:00,true,,
3d6d0328-1e6c-4cd9-a3c8-af8596152b4d,Business,,Richu,Musaliar,,"Richu, La Rosa 2, V-333",richumusaliar@gmail.com,,55 552 0734,55 552 0734,English,AED,0,Immediate on Invoicing,false,"V-333, La Rosa 2, Villanova",Dubai,,,,,55 552 0734,"V-333, La Rosa 2, Villanova",Dubai,United Arab Emirates,,,55 552 0734,55 552 0734,,2026-07-20T12:55:20.77299+00:00,2026-07-31T05:52:48.426983+00:00,true,,
d1080d9a-c0bf-402d-95ce-d8da4c3322b8,Business,Mr.,Firoz,N Basheer,N/A,"Firoz, La Rosa 3, V-446",firozgsl@yahoo.com,0562440200,0551664334,0551664334,English,AED,0,Immediate on Invoicing,false,"V-446, La Rosa 3, Villanova",Dubai,United Arab Emirates,,,,,"V-446, La Rosa 3, Villanova",Dubai,United Arab Emirates,,,0551664334,,,2026-07-20T12:55:20.77299+00:00,2026-07-31T05:57:37.108213+00:00,true,,
6ebd6cec-1b8c-4f04-8f2d-fd2a20f4b606,Business,Mr.,Sujith,Varghese,N/A,"Sujith, La Rosa 1, V-104",roosewalt@gmail.com,0562440200,0564557007,0564557007,English,AED,0,Immediate on Invoicing,false,"V-504, La Rosa 3, Villanova",Dubai,United Arab Emirates,,,,0564557007,"V-504, La Rosa 3, Villanova",Dubai,United Arab Emirates,,,0564557007,0564557007,,2026-07-20T12:55:20.77299+00:00,2026-07-31T05:59:31.072712+00:00,true,,
1110c2cb-fd09-44c8-989d-a81aa9c7e13e,Business,,ARMMAN,,,ARMMAN,,,,,English,AED,0,Immediate on Invoicing,false,,,,,,,,"Villa-29, Street-2 Gate2., Arabian Ranches",,United Arab Emirates,,,,,,2026-07-20T12:55:20.77299+00:00,2026-07-20T12:55:20.77299+00:00,true,,
6b05163b-af92-48af-9712-7707d9e8f62d,Business,,Birchfort,Real Estate LLC,,Birchfort Real Estate LLC,,,,0505418172,English,AED,0,Immediate on Invoicing,false,,,,,,,0505418172,"Villa 29, Saheel Village Gate 2 St 2",Arabian Ranches,United Arab Emirates,,,,0505418172,,2026-07-20T12:55:20.77299+00:00,2026-07-20T12:55:20.77299+00:00,true,,
dade9b61-0423-4d30-abc1-64d20cf46ffc,Business,,COFFEE,PLANET LLC,,COFFEE PLANET LLC,evangeline.bae@ludlowcoffee.com,,,,English,AED,0,Immediate on Invoicing,false,,,,,,,,"Office -266, Coffice plants, European Business Centre",DIP,United Arab Emirates,,,,,,2026-07-20T12:55:20.77299+00:00,2026-07-20T12:55:20.77299+00:00,true,,
9dd8558f-e8db-428f-b9f6-a9b693165c4d,Business,,Khaldoun Ahmed Ibrahim Ketana,,,Khaldoun Ahmed Ibrahim Ketana,,,,,English,AED,0,Immediate on Invoicing,false,,,,,,,,"Dar Al Aman 4- G+3F, Abu Hail",,United Arab Emirates,,,,,,2026-07-20T12:55:20.77299+00:00,2026-07-20T12:55:20.77299+00:00,true,,
213e223b-fac3-44a8-9a71-8ea09469bd6b,Business,,CHLOE,RIDE,,CHLOE RIDE,,,,,English,AED,0,Immediate on Invoicing,false,,,,,,,,"Apt-601, Arjan, Burj View",,United Arab Emirates,,,,,,2026-07-20T12:55:20.77299+00:00,2026-07-20T12:55:20.77299+00:00,true,,
5f1a1901-0457-437a-86e2-4e8c1e7939fe,Business,,AVNIER STAR,TECHNICAL SERVICES LLC,,AVNIER STAR TECHNICAL SERVICES LLC,info@avnierstar.ae,,'+971551247717,,English,AED,0,Immediate on Invoicing,false,,,,,,,,"Office No: BC-26, M Floor, JAMS Business Center",,United Arab Emirates,,,'+971551247717,,,2026-07-20T12:55:20.77299+00:00,2026-07-20T12:55:20.77299+00:00,true,,
49dda9b3-223b-4939-a3a5-1975e158c626,Business,,EXCELERATE ENERGY,DEVELPOMENT DMCC,,EXCELERATE ENERGY DEVELPOMENT DMCC,Jane.mbuthia@excelerateenergy.com,043756886,0569093396,0569093396,English,AED,0,Immediate on Invoicing,false,,,,,,,0569093396,"Office - 1702, Level - 17, Uptown Tower",Jumeirah Lake Towers,United Arab Emirates,,,0569093396,0569093396,,2026-07-20T12:55:20.77299+00:00,2026-07-20T12:55:20.77299+00:00,true,,
bc56490b-5d65-416c-a8bb-5f484258ac5f,Business,,RAHMAN,,AL RAYYAN BUILDING - SHARJAH AL NAHDA,AL RAYYAN BUILDING,,,,,English,AED,0,Immediate on Invoicing,false,,,,,,,,,,,,,,,,2026-07-20T12:55:20.77299+00:00,2026-07-20T12:55:20.77299+00:00,true,,
30a50dc2-a443-46e1-8ace-e3cdf1e865cd,Business,,,,V4U ELECTRICALS TRADING LLC,V4U ELECTRICALS TRADING LLC,Admin@v4uelectricals.com,042501594,,0528102402,English,AED,0,Immediate on Invoicing,false,,,,,,,0528102402,"V4U GROUP, Abdul Rahim Hussain Mohd Gargash
118/30 Al-Nakhal St.(DM-B76)BHD. Maktoum Hospital Shop 1",Deira Souq,United Arab Emirates,,,,0528102402,,2026-07-20T12:55:20.77299+00:00,2026-07-20T12:55:20.77299+00:00,true,,
029487af-765a-4856-ab30-07eb76ec1978,Business,,RAMESH,,,RAMESH,remujunuat@hotmail.com,,,,English,AED,0,Immediate on Invoicing,false,,,,,,,,"V-438, ROSA 3, VILLANOVA",,United Arab Emirates,,,,,,2026-07-20T12:55:20.77299+00:00,2026-07-20T12:55:20.77299+00:00,true,,
c1b489a5-217e-4823-8931-26353fc6785a,Business,Mr.,AHMED,,,AHMED,Amjb9@gmail.com,,,0585636778,English,AED,0,Immediate on Invoicing,false,,,,,,,0585636778,"V-162,, Hayat Townhouses",,United Arab Emirates,,,,0585636778,,2026-07-20T12:55:20.77299+00:00,2026-07-20T12:55:20.77299+00:00,true,,
56a06851-4d45-497f-bb4c-879ce932a4c2,Business,,SYED IMRAN,PASHA,,SYED IMRAN PASHA,,,,,English,AED,0,Immediate on Invoicing,false,,,,,,,,,,,,,,,,2026-07-20T12:55:20.77299+00:00,2026-07-20T12:55:20.77299+00:00,true,,
521ca2cf-0e53-4c72-a5a3-3e402d98c041,Business,,IBRAHIM,,,IBRAHIM,,,,,English,AED,0,Immediate on Invoicing,false,,,,,,,,"Villa - 38, Fronds - F, Palm Jumeirah",,United Arab Emirates,,,,,,2026-07-20T12:55:20.77299+00:00,2026-07-20T12:55:20.77299+00:00,true,,
3e817019-6ac3-44b0-824a-1edbd609c7f0,Business,,GOKUL,,,GOKUL,gokzee@gmail.com,,,0585854374,English,AED,0,Immediate on Invoicing,false,,,,,,,0585854374,"V-181, La Rosa 2, Villanova",,United Arab Emirates,,,,0585854374,,2026-07-20T12:55:20.77299+00:00,2026-07-20T12:55:20.77299+00:00,true,,
5a12e2ca-b971-4a41-94f7-392e814d310c,Business,,CHINA CIVIL ENGINEERING CONSTRUCTION CORPORATION - DUBAI BRANCH,,,CHINA CIVIL ENGINEERING CONSTRUCTION CORPORATION - DUBAI BRANCH,satheeshkumar24575@gmail.com,,,'+971 58 838 1789,English,AED,0,Immediate on Invoicing,false,,,,,,,'+971 58 838 1789,"VILLA - 5, Blooms, Green Community Village",Al Furjan,United Arab Emirates,,,,'+971 58 838 1789,,2026-07-20T12:55:20.77299+00:00,2026-07-20T12:55:20.77299+00:00,true,,
24334abe-f3db-4dcb-bf28-bd37c6bd5cc4,Business,,SKYVIEW,,,SKYVIEW,brandon@skyviewdubai.com,,,,English,AED,0,Immediate on Invoicing,false,,,,,,,,"APT-3004, OPERA GRAND",,United Arab Emirates,,,,,,2026-07-20T12:55:20.77299+00:00,2026-07-20T12:55:20.77299+00:00,true,,
c2109b91-70d5-4114-a346-fd43e9f554d5,Business,,ARBANA,,,ARBANA,,,0522369900,0522369900,English,AED,0,Immediate on Invoicing,false,,,,,,,0522369900,"V-102, South Villa",Dubai South,United Arab Emirates,,,0522369900,0522369900,,2026-07-20T12:55:20.77299+00:00,2026-07-20T12:55:20.77299+00:00,true,,
6c9dfc38-7ccd-4bf5-a1ca-59488df9dd3f,Business,,ZLATINA,GETOVA,,ZLATINA GETOVA,z.getova74@gmail.com,,,0555429936,English,AED,0,Immediate on Invoicing,false,,,,,,,0555429936,"Villa - 5, Street -9, Meadows 2",Springs,United Arab Emirates,,,,0555429936,,2026-07-20T12:55:20.77299+00:00,2026-07-20T12:55:20.77299+00:00,true,,
d8f3bc5b-242e-471d-8b59-3d253655fcfc,Business,,YOO SEUNG MIN,,,YOO SEUNG MIN,seungmin93@gmail.com,,,,English,AED,0,Immediate on Invoicing,false,,,,,,,,"Unit: Act one Act two T1, 2305",Downtown,United Arab Emirates,,,,,,2026-07-20T12:55:20.77299+00:00,2026-07-20T12:55:20.77299+00:00,true,,
55a828b0-5c69-4e4e-ac37-2ebf06488f64,Business,,PRANAV,,,PRANAV,Pranav.mahesh@ae.luluexchange.com,,,,English,AED,0,Immediate on Invoicing,false,,,,,,,,"LULU EXCHANGE, NAIF BRANCH",DEIRA,United Arab Emirates,,,,,,2026-07-20T12:55:20.77299+00:00,2026-07-20T12:55:20.77299+00:00,true,,
1a294cf2-0ab4-48c8-878e-3f99d7d341f3,Business,,THREADS DGT,TRADING LLC,,VINEETH,Vineeth.panachirmmal@threadsme.com,,,0564042986,English,AED,0,Immediate on Invoicing,false,,,,,,,0564042986,"Warehouse 11, Jebal Ali",,United Arab Emirates,,,,0564042986,,2026-07-20T12:55:20.77299+00:00,2026-07-20T12:55:20.77299+00:00,true,,
6f350014-5958-4610-9bbc-93e830747ef7,Business,,THREADS DGT,TRADING LLC,,THREADS DGT TRADING LLC,Vineeth.panachirmmal@threadsme.com,,,,English,AED,0,Immediate on Invoicing,false,,,,,,,,"WAREHOUSE 11, Jebal Ali",,United Arab Emirates,,,,,,2026-07-20T12:55:20.77299+00:00,2026-07-20T12:55:20.77299+00:00,true,,
b36c0ce2-c3ea-4527-8f58-420f462044da,Individual,,AL RAHMANYAH TRADING LLC,,,AL RAHMANYAH TRADING LLC,Arwaterpumps@gmail.com,,,0529495300,English,AED,0,Immediate on Invoicing,false,,,,,,,0529495300,"Industrial Area 13, Sharjah",,United Arab Emirates,,,,0529495300,,2026-07-20T12:55:20.77299+00:00,2026-07-20T12:55:20.77299+00:00,true,,
5d9fcde0-ac03-4039-b9ac-4de6e5707d9e,Individual,,DOCTOR,VILLA,,DOCTOR VILLA,,,,,English,AED,0,Immediate on Invoicing,false,,,,,,,,,,,,,,,,2026-07-20T12:55:20.77299+00:00,2026-07-20T12:55:20.77299+00:00,true,,
5213e079-dcc7-4769-8db3-c9f0e036b011,Individual,,VANI,,,VANI,,,,0503356078,English,AED,0,Immediate on Invoicing,false,,,,,,,0503356078,"V-939, St - 32, Nad Al Sheba 3",,United Arab Emirates,,,,0503356078,,2026-07-20T12:55:20.77299+00:00,2026-07-20T12:55:20.77299+00:00,true,,
fd9fbb4e-3e90-47fa-ac49-87461ddc63d6,Individual,,ANITA,,,ANITA,r.dasanita@gmail.com,,,0554062062,English,AED,0,Immediate on Invoicing,false,,,,,,,0554062062,"Mudon Views, G14",Mudon,United Arab Emirates,,,,0554062062,,2026-07-20T12:55:20.77299+00:00,2026-07-20T12:55:20.77299+00:00,true,,
d873bce9-fae7-4547-bd7e-81bfa27ed9ca,Individual,,KIRAN,,,KIRAN,,,,,English,AED,0,Immediate on Invoicing,false,,,,,,,,"V-20, ST-48, AMARANTA 3",,United Arab Emirates,,,,,,2026-07-20T12:55:20.77299+00:00,2026-07-20T12:55:20.77299+00:00,true,,
c543b9a0-8085-45d1-989e-a7889b612b87,Individual,,KHURSHEED,EQBAL,,KHURSHEED EQBAL,ksiddique832@gmail.com,,0526121894,0526121894,English,AED,0,Immediate on Invoicing,false,,,,,,,0526121894,"Diamond 6 Building, Marina",,United Arab Emirates,,,0526121894,0526121894,,2026-07-20T12:55:20.77299+00:00,2026-07-20T12:55:20.77299+00:00,true,,
b4b655a9-d8c3-42d7-ac3a-84462a09e7fe,Business,Mr.,Makram,Gharzeddine,,"Makram, Rosa 2, V-191",Makram.gharzeddine@hotmail.com,,,504604367,English,AED,0,Immediate on Invoicing,false,"V-191, La Rosa 2, Villanova",Dubai,,,,,,"V-191, La Rosa 2, Villanova",Dubai,United Arab Emirates,,,,,,2026-07-20T12:55:20.77299+00:00,2026-07-31T06:26:32.452278+00:00,true,,
f09c4015-7a2c-4642-ae88-0afcc3b863b8,Business,Mr.,Shaji,Abdul Kadar,,"Shaji, JVC, V-8",Sabashaji@gmail.com,,0555504657,0555504657,English,AED,0,Immediate on Invoicing,false,"Villa 8, Marwa Homes",,,,,,0555504657,"Villa 8, Marwa Homes",Dubai,United Arab Emirates,,,0555504657,0555504657,,2026-07-20T12:55:20.77299+00:00,2026-07-31T09:09:51.108953+00:00,true,,JVC
d27e09c5-26be-4292-9b92-c0190410b6f8,Individual,Mr.,Alex,P Thazhamon,,"Alex, La quinta, V-194",alexpthazhamon@gmail.com,,,0557128821,English,AED,0,Immediate on Invoicing,false,"Villa - 104, La Quinta, Villanova",,,,,,0557128821,"Villa - 104, La Quinta, Villanova",,,,,,0557128821,,2026-07-20T12:55:20.77299+00:00,2026-07-31T09:13:35.065671+00:00,true,Villa Nova,Villa Nova
fe3b2a4f-7169-4821-8a28-f144748df7e9,Individual,,NOUSHAD,,,NOUSHAD,naliyar@altayer.com,,,0502416750,English,AED,0,Immediate on Invoicing,false,,,,,,,0502416750,ABB Warehouse,,United Arab Emirates,,,,0502416750,,2026-07-20T12:55:20.77299+00:00,2026-07-20T12:55:20.77299+00:00,true,,
9807c1e5-fcab-4dce-9b49-b2f91d65277f,Individual,,VARGHESE,MANGALATH,,VARGHESE MANGALATH,varghesemangalath@gmail.com,,,0506196091,English,AED,0,Immediate on Invoicing,false,,,,,,,0506196091,"V-195, La Rosa 6",Villanova,United Arab Emirates,,,,0506196091,,2026-07-20T12:55:20.77299+00:00,2026-07-20T12:55:20.77299+00:00,true,,
c21f1933-ed25-4b1e-9194-64d431a83979,Business,,FLARE TECHNICAL,TRADING LLC,,FLARE TECHNICAL TRADING LLC,Abraham@flaretechnical.com,,050814399,050814399,English,AED,0,Immediate on Invoicing,false,,,,,,,050814399,"Villa-E31,, Sustainable City",Sharjah,United Arab Emirates,,,050814399,050814399,,2026-07-20T12:55:20.77299+00:00,2026-07-20T12:55:20.77299+00:00,true,,
4811c55f-2118-4158-afb2-19bdb34e8011,Individual,,ANCY,,,ANCY,ancy@nasiha.ae,,0526518518,0526518518,English,AED,0,Immediate on Invoicing,false,,,,,,,0526518518,"Villa - 19, Street - 17",The Meadows 2,United Arab Emirates,,,0526518518,0526518518,,2026-07-20T12:55:20.77299+00:00,2026-07-20T12:55:20.77299+00:00,true,,
61bf9c75-5cde-4144-82c9-7e99f19c4518,Individual,,ECO SENSE,CONTRACTING LLC,,ECO SENSE CONTRACTING LLC,,,,,English,AED,0,Immediate on Invoicing,false,,,,,,,,,,,,,,,,2026-07-20T12:55:20.77299+00:00,2026-07-20T12:55:20.77299+00:00,true,,
9647cfb9-b917-4622-92e7-f1552526da62,Individual,,JVC NOORA,BUILDING,,JVC NOORA BUILDING,,0525361498,0525361498,,English,AED,0,Immediate on Invoicing,false,,,,,,,,"Apt - 411,, JVC",Noora Building,United Arab Emirates,,,0525361498,,,2026-07-20T12:55:20.77299+00:00,2026-07-20T12:55:20.77299+00:00,true,,
96b6c5ab-1abe-4d02-9889-21e7f0f45020,Individual,,ARIAN,,,ARIAN,,,,,English,AED,0,Immediate on Invoicing,false,,,,,,,,"V-109, Amaranta - 1",Villanova,,,,,,,2026-07-20T12:55:20.77299+00:00,2026-07-20T12:55:20.77299+00:00,true,,
21bea1df-ffbf-4e00-9424-50c231ebe7dd,Individual,,ZAKER,TRADING LLC,,ZAKER TRADING LLC,Info@zakertrading.com,048046888,'+971-48046888,0559548506,English,AED,0,Immediate on Invoicing,false,,,,,,,0559548506,"Zaker Trading LLC, DIP-2",,United Arab Emirates,,,'+971-48046888,0559548506,,2026-07-20T12:55:20.77299+00:00,2026-07-20T12:55:20.77299+00:00,true,,
dd700a82-b732-4c6f-a683-0a01d786f4b6,Individual,,JOTUN,UAE LTD LLC,,JOTUN VILLA,,,,,English,AED,0,Immediate on Invoicing,false,,,United Arab Emirates,,,,,"Villa - 12, Al Wasl Road",,United Arab Emirates,,,,,,2026-07-20T12:55:20.77299+00:00,2026-07-20T12:55:20.77299+00:00,true,,
c0aa3de1-c393-42a9-81ee-46d32085c9c9,Individual,,Arto Febrica Bakers LLC,,,Arto Febrica Bakers LLC,,,,0565231657,English,AED,0,Immediate on Invoicing,false,,,,,,,0565231657,,,,,,,0565231657,,2026-07-20T12:55:20.77299+00:00,2026-07-20T12:55:20.77299+00:00,true,,
ef347f2d-dba4-4c31-b476-734b0a86845b,Individual,,HESHAM,AL GURG,,HESHAM AL GURG,,,,,English,AED,0,Immediate on Invoicing,false,,,,,,,,"VILLA 1, AL BARSHA 2",,United Arab Emirates,,,,,,2026-07-20T12:55:20.77299+00:00,2026-07-20T12:55:20.77299+00:00,true,,
8e065add-7c1e-457f-945a-f03c5ac0dc70,Individual,,JOTUN,UAE LTD LLC,,JOTUN UAE LTD LLC,,,,,English,AED,0,Immediate on Invoicing,false,,,,,,,,Jotun Factory,,United Arab Emirates,,,,,,2026-07-20T12:55:20.77299+00:00,2026-07-20T12:55:20.77299+00:00,true,,
cb3f1f61-6318-4603-847b-ffc43d75b555,Business,,UNION INSURANCE,,,UNION INSURANCE,,,,,English,AED,0,Immediate on Invoicing,false,,,,,,,,,,,,,,,,2026-07-20T12:55:20.77299+00:00,2026-07-20T12:55:20.77299+00:00,true,,
1e9c5812-09b8-434e-b5c9-dc06cf38bc9f,Individual,,GAURAV,PARASWANI,,GAURAV PARASWANI,gaurav.paraswani@gmail.com,,,050 1563783,English,AED,0,Immediate on Invoicing,false,,,,,,,050 1563783,"Villa - 4, Street 13",Springs 14,United Arab Emirates,,,,050 1563783,,2026-07-20T12:55:20.77299+00:00,2026-07-20T12:55:20.77299+00:00,true,,
3ef4d7f9-2204-4547-ada6-11fa9b13e08f,Individual,,SOFIA,ZAMAN,,SOFIA ZAMAN,sofia.zaman@googlemail.com,,,0508479353,English,AED,0,Immediate on Invoicing,false,,,,,,,0508479353,"Villa - 622, La Rosa 4",Villanova,United Arab Emirates,,,,0508479353,,2026-07-20T12:55:20.77299+00:00,2026-07-20T12:55:20.77299+00:00,true,,
f2383f68-b868-4102-bc23-a98b7cb119b6,Individual,,MANAR,NAZIH,,MANAR NAZIH,fadwaalmazrouei@gmail.com,,,0506999134,English,AED,0,Immediate on Invoicing,false,,,,,,,0506999134,"Villa - 700, La Rosa 4",Villanova,United Arab Emirates,,,,0506999134,,2026-07-20T12:55:20.77299+00:00,2026-07-20T12:55:20.77299+00:00,true,,
a70a50ae-7b12-490f-b656-21368ea5280b,Individual,,ANTOINE,SALAME,,ANTOINE SALAME,Antoine.salameh@gmail.com,,0523828000,0523828000,English,AED,0,Immediate on Invoicing,false,,,,,,,0523828000,"Villa - 550, Amaranta 1",Villanova,United Arab Emirates,,,0523828000,0523828000,,2026-07-20T12:55:20.77299+00:00,2026-07-20T12:55:20.77299+00:00,true,,
049e568d-0422-4ff4-9f26-b3af31be85f4,Individual,,ANAS,,,ANAS,,,0522165451,0522165451,English,AED,0,Immediate on Invoicing,false,,,,,,,0522165451,"Villa - 179, La Rosa 6",Villanova,United Arab Emirates,,,0522165451,0522165451,,2026-07-20T12:55:20.77299+00:00,2026-07-20T12:55:20.77299+00:00,true,,
a022b5da-45fa-4632-9bd7-3d87ea63e35f,Individual,,FIRST PERFUMES,,,FIRST PERFUMES,,,,,English,AED,0,Immediate on Invoicing,false,,,,,,,,,,,,,,,,2026-07-20T12:55:20.77299+00:00,2026-07-20T12:55:20.77299+00:00,true,,
1ab74c02-a6aa-4264-9667-c4917b6a266c,Individual,,SREENATH,,,SREENATH,,,,,English,AED,0,Immediate on Invoicing,false,,,,,,,,"Villa - 342, Amaranta 1",Villanova,United Arab Emirates,,,,,,2026-07-20T12:55:20.77299+00:00,2026-07-20T12:55:20.77299+00:00,true,,
e44323a8-2ff6-47d3-b674-fe84f7dab74a,Individual,,MADHU,,,MADHU,,,0554022805,55 402 2805,English,AED,0,Immediate on Invoicing,false,,,,,,,55 402 2805,"Villa - 589, Arabella 2",Mudon,United Arab Emirates,,,0554022805,55 402 2805,,2026-07-20T12:55:20.77299+00:00,2026-07-20T12:55:20.77299+00:00,true,,
b858f8a3-e32c-4069-b4ab-3d10af3856dc,Individual,,FAYSSAL,BOULFRAD,,FAYSSAL BOULFRAD,fayssal.boulfrad@gmail.com,,0589646900,0589646900,English,AED,0,Immediate on Invoicing,false,,,,,,,0589646900,"Villa - 426, La Rosa 6",Villanova,United Arab Emirates,,,0589646900,0589646900,,2026-07-20T12:55:20.77299+00:00,2026-07-20T12:55:20.77299+00:00,true,,
1088e600-a724-4bb9-ac67-b7804269002f,Individual,,RAJESH,,,RAJESH,rajeshuae@gmail.com,,0506535734,0506535734,English,AED,0,Immediate on Invoicing,false,,,,,,,0506535734,"APT-603, AZIZI ORCHID",AL FURJAN,United Arab Emirates,,,0506535734,0506535734,,2026-07-20T12:55:20.77299+00:00,2026-07-20T12:55:20.77299+00:00,true,,
6ba951f9-62d3-4305-b2b9-0b33ceb751b6,Individual,,ASHOK,SARDANA,,ASHOK SARDANA,ashoksupport@cfsgroup.com,,0559639653,0559639653,English,AED,0,Immediate on Invoicing,false,,,,,,,0559639653,"Cluster - F, Floor - 9",JLT,United Arab Emirates,,,0559639653,0559639653,,2026-07-20T12:55:20.77299+00:00,2026-07-20T12:55:20.77299+00:00,true,,
81c40e12-771c-4069-ac32-12f10d567774,Individual,,KIRAN,RAJENDRAN,,KIRAN RAJENDRAN,itskiranrajendran@gmail.com,,0522664747,0522664747,English,AED,0,Immediate on Invoicing,false,,,,,,,0522664747,"Villa - 20, Amarantha 3",Villanova,United Arab Emirates,,,0522664747,0522664747,,2026-07-20T12:55:20.77299+00:00,2026-07-20T12:55:20.77299+00:00,true,,
d119e4a4-9650-407d-96dc-f983ac3dcf5e,Individual,,HOMEROX,,,HOMEROX,Homeroxsuae@gmail.com,,,,English,AED,0,Immediate on Invoicing,false,,,,,,,,,,,,,,,,2026-07-20T12:55:20.77299+00:00,2026-07-20T12:55:20.77299+00:00,true,,
033e2645-6468-4d23-92f7-78bce92bfb24,Individual,,HUSSAIN,,,HUSSAIN,Hussain.aidarous@gmail.com,,,0505514696,English,AED,0,Immediate on Invoicing,false,,,,,,,0505514696,Madinat Hind 04,,United Arab Emirates,,,,0505514696,,2026-07-20T12:55:20.77299+00:00,2026-07-20T12:55:20.77299+00:00,true,,
ae528eac-f086-4882-b5ac-b1964791173e,Individual,,SYED JAMAL,SHAHARYAR,,SYED JAMAL SHAHARYAR,,,0559565724,559565724,English,AED,0,Immediate on Invoicing,false,,,,,,,559565724,"Villa - 10, Caya 1",Arabian Ranches,United Arab Emirates,,,0559565724,559565724,,2026-07-20T12:55:20.77299+00:00,2026-07-20T12:55:20.77299+00:00,true,,
c374e3c6-8bee-4cc6-b921-2d7540c343cf,Individual,,WALID,HOBLOS,,WALID HOBLOS,Walster71@gmail.com,,,,English,AED,0,Immediate on Invoicing,false,,,,,,,,"Villa - 19, Street 7",The Meadows 2,United Arab Emirates,,,,,,2026-07-20T12:55:20.77299+00:00,2026-07-20T12:55:20.77299+00:00,true,,
a3b7f943-f51d-4d8b-8ec7-ef17f4ee6352,Individual,,SUHAIL,,,SUHAIL,Suhail.saeed@yahoo.com,,,'+971-545234659,English,AED,0,Immediate on Invoicing,false,,,,,,,'+971-545234659,"Villa - 128, La Rosa 5",Villanova,United Arab Emirates,,,,'+971-545234659,,2026-07-20T12:55:20.77299+00:00,2026-07-20T12:55:20.77299+00:00,true,,
e8a57c6e-c4eb-4c8e-bef1-cdb2b2996ae0,Individual,Mr.,Hernan,Ampuero,,"Hernan, La Rosa 3, V - 535",nancho777@gmail.com,,0505978530,0505978530,English,AED,0,Immediate on Invoicing,false,"Villa - 535, La Rosa 3, Villa Nova",,,,,,0505978530,"Villa - 535, La Rosa 3, Villa Nova",,,,,,0505978530,,2026-07-20T12:55:20.77299+00:00,2026-07-31T09:26:50.305733+00:00,true,Villa Nova,Villa Nova
8ce85ce4-71ea-4580-81a6-2ee9112af257,Individual,Mr.,Jinju,Araham,,"Jinju, La Rosa 3, V-572",Jinju.ahm@gmail.com,,553570625,553570625,English,AED,0,Immediate on Invoicing,false,"Villa - 572, La Rosa 3, Villa Nova",,,,,,553570625,"Villa - 572, La Rosa 3, Villa Nova",,,,,,553570625,,2026-07-20T12:55:20.77299+00:00,2026-07-31T09:28:31.581127+00:00,true,Villa Nova,Villa Nova
e40c802f-aab5-42ad-af07-322a175c5252,Individual,,JIHAD,,,JIHAD,Jihadneim@gmail.com,,0529594016,0529594016,English,AED,0,Immediate on Invoicing,false,,,,,,,0529594016,"APT-1420, Lakeside C",Production City,,,,0529594016,0529594016,,2026-07-20T12:55:20.77299+00:00,2026-07-20T12:55:20.77299+00:00,true,,
d20a61fe-0aba-4855-ab03-2984da7b31f9,Individual,,GEETHU,KRISHNAKUMAR,,GEETHU KRISHNAKUMAR,gitu.uae@gmail.com,,0503537665,0503537665,English,AED,0,Immediate on Invoicing,false,,,,,,,0503537665,"APT-15, Building - 08",The Gardens,United Arab Emirates,,,0503537665,0503537665,,2026-07-20T12:55:20.77299+00:00,2026-07-20T12:55:20.77299+00:00,true,,
d173b3ac-f24c-4dfd-9e61-f1ea0393278e,Individual,,HITECH FUJI ELEVATOR CONTRACTING L.L.C,,,HITECH FUJI ELEVATOR CONTRACTING L.L.C,info@hitechfuji.com,,,,English,AED,0,Immediate on Invoicing,false,,,,,,,,"Malak Basma Darwish Jassim Darwish Fakhr,, Al Khabaisi",,United Arab Emirates,,,,,,2026-07-20T12:55:20.77299+00:00,2026-07-20T12:55:20.77299+00:00,true,,
62d403d1-2b93-432e-89df-afcccd78cf74,Individual,,DILEEP,,,DILEEP,dileepsrr@gmail.com,,55 507 9501,'+971-55 507 9501,English,AED,0,Immediate on Invoicing,false,,,,,,,'+971-55 507 9501,"Villa - 137, Laquinta",Villanova,United Arab Emirates,,,55 507 9501,'+971-55 507 9501,,2026-07-20T12:55:20.77299+00:00,2026-07-20T12:55:20.77299+00:00,true,,
ff17c3ca-bc02-4454-a9a2-e4cd9ee0127d,Individual,,RAHMAN,SHERIFF,,RAHMAN SHERIFF,rahmans@inspire-home.ae,,,,English,AED,0,Immediate on Invoicing,false,,,,,,,,"3rd FLOOR, GOOGLE BUILDING",DUBAI INTERNET CITY,United Arab Emirates,,,,,,2026-07-20T12:55:20.77299+00:00,2026-07-20T12:55:20.77299+00:00,true,,
d2bd2cfc-c44e-49e5-8f1b-2395d74050c8,Business,,ARMANI EMAAR CAFFE,,,ARMANI EMAAR CAFFE,,,,'+971-554208288,English,AED,0,Immediate on Invoicing,false,,,,,,,'+971-554208288,"ARMANI EMAAR CAFFE, DUBAI MALL",,United Arab Emirates,,,,'+971-554208288,,2026-07-20T12:55:20.77299+00:00,2026-07-20T12:55:20.77299+00:00,true,,
3c5fe18e-f5a9-4b5e-a5b8-981f4156c9a4,Individual,,DYNAMIC DESIGN AND PROJECT MANAGEMENT,,,DYNAMIC DESIGN AND PROJECT MANAGEMENT,,,,,English,AED,0,Immediate on Invoicing,false,,,,,,,,PALACE HOTEL APARTMENT,,United Arab Emirates,,,,,,2026-07-20T12:55:20.77299+00:00,2026-07-20T12:55:20.77299+00:00,true,,
d5f5b305-c871-4e5a-9ddc-04edd2458ebf,Individual,,STEPHEN,HOLBROOK,,STEPHEN HOLBROOK,,,,'+971-505597030,English,AED,0,Immediate on Invoicing,false,,,,,,,'+971-505597030,"TH 11, Jumeirah Golf Estate",,United Arab Emirates,,,,'+971-505597030,,2026-07-20T12:55:20.77299+00:00,2026-07-20T12:55:20.77299+00:00,true,,
b1712742-c37d-4dee-b944-6ce215f5468b,Individual,,Vikas,,,vikas,,,,'+971-564419068,English,AED,0,Immediate on Invoicing,false,,,,,,,'+971-564419068,,,,,,,'+971-564419068,,2026-07-20T12:55:20.77299+00:00,2026-07-20T12:55:20.77299+00:00,true,,
9ac4ff41-75da-493a-ad3e-eaaadde073da,Individual,,,,INSPIRE INTEGRATED FACILITIES MANAGEMENT LLC,INSPIRE HOME,,,,'+971-565375279,English,AED,0,Immediate on Invoicing,false,,,,,,,'+971-565375279,JADDAF TOWER,,United Arab Emirates,,,,'+971-565375279,,2026-07-20T12:55:20.77299+00:00,2026-07-20T12:55:20.77299+00:00,true,,
6c09f169-b89b-4128-aa21-39b459f993bc,Individual,,,,David,David,,'+971-523441194,,,English,AED,0,Immediate on Invoicing,false,,,,,,,,,,,,,,,,2026-07-20T12:55:20.77299+00:00,2026-07-20T12:55:20.77299+00:00,true,,
b929c5d1-228d-40c8-a9bb-9223db8e20aa,Individual,,,,Bramah,Bramah,,'+971-0507074581,,,English,AED,0,Immediate on Invoicing,false,,,,,,,,,,,,,,,,2026-07-20T12:55:20.77299+00:00,2026-07-20T12:55:20.77299+00:00,true,,
56dca9c0-3f1c-49d0-8b52-4e30b7f3534c,Individual,,,,Al Rimmal Residence,Al Rimmal Residence,,,,,English,AED,0,Immediate on Invoicing,false,,,,,,,,,,,,,,,,2026-07-20T12:55:20.77299+00:00,2026-07-20T12:55:20.77299+00:00,true,,
e2fda5fc-d888-44d3-99f8-f17ba4029fe9,Individual,,Rosalie,Ocumen,Rosalie Ocumen,Rosalie Ocumen,,,,,English,AED,0,Immediate on Invoicing,false,,,,,,,,,,,,,,,,2026-07-20T12:55:20.77299+00:00,2026-07-20T12:55:20.77299+00:00,true,,
67f53b59-a9e1-4292-a1c7-aacdbe0ccfa5,Individual,,Suresh,Motoralla,Suresh,Suresh,,,,,English,AED,0,Immediate on Invoicing,false,,,,,,,,,,,,,,,,2026-07-20T12:55:20.77299+00:00,2026-07-20T12:55:20.77299+00:00,true,,
647654be-768b-44df-961e-3039b50e4f97,Individual,,,,Wadood,Wadoon,,,,,English,AED,0,Immediate on Invoicing,false,,,,,,,,,,,,,,,,2026-07-20T12:55:20.77299+00:00,2026-07-20T12:55:20.77299+00:00,true,,
9095e149-8a83-4e62-8a21-24dc7d4aecaf,Individual,,SVETLANA GURBANOVA,,SVETLANA GURBANOVA,SVETLANA GURBANOVA,,,,,English,AED,0,Immediate on Invoicing,false,,,,,,,,,,,,,,,,2026-07-20T12:55:20.77299+00:00,2026-07-20T12:55:20.77299+00:00,true,,
10f73fd9-6fc9-4967-97d2-dded6441d802,Individual,,SANJAY V ISRANI,,,SANJAY V ISRANI,,,,,English,AED,0,Immediate on Invoicing,false,,,,,,,,,,,,,,,,2026-07-20T12:55:20.77299+00:00,2026-07-20T12:55:20.77299+00:00,true,,
6f0d4b86-736b-4812-80ee-93d32bedd257,Business,,KHIDMAH SOLE PROPRIETORSHIP LLC,,,KHIDMAH SOLE PROPRIETORSHIP LLC,procurement@khidmah.com,,,,English,AED,0,Immediate on Invoicing,false,,,,,,,,"Shop number M- 090A - Fashion Parking, Yas Mall, Yas Island",,United Arab Emirates,,,,,,2026-07-20T12:55:20.77299+00:00,2026-07-20T12:55:20.77299+00:00,true,,
0d6e9bc5-709b-419b-b9aa-4081f929681b,Individual,,Emirates REIT (CEIC) PLC,,,Emirates REIT (CEIC) PLC,ebc@kaizenams.com,'+971-800524936,,,English,AED,0,Immediate on Invoicing,false,,,,,,,,"Emirates REIT (CEIC) PLC, DIFC, Index Tower, Level 23",,United Arab Emirates,,,,,,2026-07-20T12:55:20.77299+00:00,2026-07-20T12:55:20.77299+00:00,true,,
d9658b24-2204-4c0d-bb72-7753d4b4a291,Individual,,General International Group,,,General International Group,Rocumen@generalintlgroup.com,'+971-43383599,,'+971-501074181,English,AED,0,Immediate on Invoicing,false,,,,,,,'+971-501074181,"Suite No. 234,, Al Shafar Investment Building,",Sheikh Zayed Road,United Arab Emirates,,,,'+971-501074181,,2026-07-20T12:55:20.77299+00:00,2026-07-20T12:55:20.77299+00:00,true,,
240e4be5-8328-4199-88f3-00d1902744e9,Individual,,KHAWAJA,DANIYAL,,KHAWAJA DANIYAL,khawaja.daniyal@gmail.com,,'+971-561159948,'+971-561159948,English,AED,0,Immediate on Invoicing,false,,,,,,,'+971-561159948,"Villa - 18, Street - 1",Murooj Al Furjan West 1,United Arab Emirates,,,'+971-561159948,'+971-561159948,,2026-07-20T12:55:20.77299+00:00,2026-07-20T12:55:20.77299+00:00,true,,
48667ebf-4fa3-4c86-bf99-0559f5f9795e,Individual,,HYTHAM,NASSAR,,HYTHAM NASSAR,Haysamnassar@yahoo.co.uk,,'+971-503113519,'+971-503113519,English,AED,0,Immediate on Invoicing,false,,,,,,,'+971-503113519,"Villa-396, La Rosa 6",Villanova,United Arab Emirates,,,'+971-503113519,'+971-503113519,,2026-07-20T12:55:20.77299+00:00,2026-07-20T12:55:20.77299+00:00,true,,
95392208-6e20-418f-9f74-34324142eeca,Individual,,ALITO,,,ALITO,af.reyes.gaige@gmail.com,,,'+971-585470309,English,AED,0,Immediate on Invoicing,false,,,,,,,'+971-585470309,"Villa - 328, La Rosa 2",Villanova,United Arab Emirates,,,,'+971-585470309,,2026-07-20T12:55:20.77299+00:00,2026-07-20T12:55:20.77299+00:00,true,,
17614777-c9ce-45f3-afa9-7c4c1edb3fe2,Individual,,JALAL,,,JALAL,Jilla2002@hotmail.com,,,,English,AED,0,Immediate on Invoicing,false,,,,,,,,"Villa - 447, La Rosa 6",Villanova,United Arab Emirates,,,,,,2026-07-20T12:55:20.77299+00:00,2026-07-20T12:55:20.77299+00:00,true,,
5e1c935b-1bf3-4bf8-8b6d-e0049a5fba82,Individual,,SWATI SHARMA,,,SWATI SHARMA,swati.1306@gmail.com,,,'+971-552913770,English,AED,0,Immediate on Invoicing,false,,,,,,,'+971-552913770,"Villa - 463, La Rosa 3",Villanova,United Arab Emirates,,,,'+971-552913770,,2026-07-20T12:55:20.77299+00:00,2026-07-20T12:55:20.77299+00:00,true,,
a3f85977-c4c4-47fc-bf2d-6c1908804d37,Business,,QAVACH TECHNICAL SERVICES L.L.C,,,QAVACH TECHNICAL SERVICES L.L.C,info@qavachuae.com,'+971-42717896,,'+971-0507097896,English,AED,0,Immediate on Invoicing,false,,,,,,,'+971-0507097896,,,United Arab Emirates,,,,'+971-0507097896,,2026-07-20T12:55:20.77299+00:00,2026-07-20T12:55:20.77299+00:00,true,,
2e3159f2-b599-4021-8d68-5c0dc40cf887,Individual,,JONATHAN,,,JONATHAN,,,,'+971-585792215,English,AED,0,Immediate on Invoicing,false,,,,,,,'+971-585792215,"Villa - 699, La Rosa 4",Villanova,United Arab Emirates,,,,'+971-585792215,,2026-07-20T12:55:20.77299+00:00,2026-07-20T12:55:20.77299+00:00,true,,
f68e2b37-c945-4fcf-b0e5-ef15c8c51799,Individual,,Apex Plus facility Management LLC,,,Apex Plus facility Management LLC,,,,'+971-564851705,English,AED,0,Immediate on Invoicing,false,,,,,,,'+971-564851705,"Al Bateen Residences, Ground Floor, Main Entrance",JBR,United Arab Emirates,,,,'+971-564851705,,2026-07-20T12:55:20.77299+00:00,2026-07-20T12:55:20.77299+00:00,true,,
92cfecb7-ced8-44d1-a0c3-ed87137138a2,Individual,,JEANETTE RADEMEYER,,,JEANETTE RADEMEYER,J.rademeyer@hotmail.co.za,,'+971-556870980,'+971-556870980,English,AED,0,Immediate on Invoicing,false,,,,,,,'+971-556870980,"Villa - 59, La Violeta",Villanova,United Arab Emirates,,,'+971-556870980,'+971-556870980,,2026-07-20T12:55:20.77299+00:00,2026-07-20T12:55:20.77299+00:00,true,,
2b9cb48d-c412-42a0-bbc7-f138675274b5,Individual,Ms.,Maya,Menon,,"Maya, La Rosa 6, V-52",mayakizhedath@gmail.com,,0528884534,0528884534,English,AED,0,Immediate on Invoicing,false,"Villa - 52, La Rosa 6, Villa Nova",,,,,,0528884534,"Villa - 52, La Rosa 6, Villa Nova",,,,,,0528884534,,2026-07-20T12:55:20.77299+00:00,2026-07-31T09:29:41.932282+00:00,true,Villa Nova,Villa Nova
633d604c-96d9-4515-878b-bb22a1f19c79,Individual,,ROHIT,,,ROHIT,capt.rohitsehrawat@gmail.com,,,'+971-585051737,English,AED,0,Immediate on Invoicing,false,,,,,,,'+971-585051737,"Villa - 132, La Rosa 1",Villanova,United Arab Emirates,,,,'+971-585051737,,2026-07-20T12:55:20.77299+00:00,2026-07-20T12:55:20.77299+00:00,true,,
cc4b6b2e-183e-47f1-868b-f44bf62197a1,Individual,,OMAR,HAMIE,,OMAR HAMIE,omar.h.hamieh@gmail.com,,,'+971-506630461,English,AED,0,Immediate on Invoicing,false,,,,,,,'+971-506630461,"Villa - A284, Pulse Beach Front, Madinat Al Mataar",Dubai South,United Arab Emirates,,,,'+971-506630461,,2026-07-20T12:55:20.77299+00:00,2026-07-20T12:55:20.77299+00:00,true,,
e84b675f-39cf-4b98-b9df-caa4f8fbd964,Individual,,KHIDMAH - SOLE PROPRIETORSHIP,LLC,,KHIDMAH - SOLE PROPRIETORSHIP LLC,,,,,English,AED,0,Immediate on Invoicing,false,,,,,,,,"Jumeirah Bay X3, Cluster - X",JLT,United Arab Emirates,,,,,,2026-07-20T12:55:20.77299+00:00,2026-07-20T12:55:20.77299+00:00,true,,
7173b2ff-386e-48ed-b206-751e6826f495,Individual,,D S C FACILITIES SERVICES,CO. L.L.C,,D S C FACILITIES SERVICES CO. L.L.C,AmeerS@DSC.AE,'+971-44251205,,'+971-525602710,English,AED,0,Immediate on Invoicing,false,,,,,,,'+971-525602710,"DSC FACILITIES SERVICES, VH OLIVA VILLAGE",SPORTS CITY,United Arab Emirates,,,,'+971-525602710,,2026-07-20T12:55:20.77299+00:00,2026-07-20T12:55:20.77299+00:00,true,,
fa19c2a1-0054-43b0-a162-02715f395590,Business,,TABEER DEVELOPMENT,,,TABEER DEVELOPMENT,info@ubmo.ae,,,'+971-557337134,English,AED,0,Immediate on Invoicing,false,,,,,,,'+971-557337134,"Tabeer Development - 201, Restofair Building",Arjan,United Arab Emirates,,,,'+971-557337134,,2026-07-20T12:55:20.77299+00:00,2026-07-20T12:55:20.77299+00:00,true,,
e1f8f27f-334f-429f-a29c-774c9b01ac14,Individual,,HIRESH,,,HIRESH,hireshgd@gmail.com,,,'+61-401951412,English,AED,0,Immediate on Invoicing,false,,,,,,,'+61-401951412,"The Pulse Boulevard Apartments C1, Madinat Al Mataar",Dubai South,United Arab Emirates,,,,'+61-401951412,,2026-07-20T12:55:20.77299+00:00,2026-07-20T12:55:20.77299+00:00,true,,
38fffce2-e8a8-41a4-a028-9edde481bfc6,Individual,,JOHN,ISACSON,,JOHN ISACSON,Hello@johnisaacson.co.uk,,,'+971-501789617,English,AED,0,Immediate on Invoicing,false,,,,,,,'+971-501789617,"Villa - 241, Amaranta B",Villanova,United Arab Emirates,,,,'+971-501789617,,2026-07-20T12:55:20.77299+00:00,2026-07-20T12:55:20.77299+00:00,true,,
625cfc55-6631-4373-9d81-0a069caa1136,Individual,,JUHI S,,,JUHI S,juhi@houseofserene.com,,,'+971-505154629,English,AED,0,Immediate on Invoicing,false,,,,,,,'+971-505154629,"Villa - 846, Street - 15, Joy Cluster",Arabian Ranches 3,United Arab Emirates,,,,'+971-505154629,,2026-07-20T12:55:20.77299+00:00,2026-07-20T12:55:20.77299+00:00,true,,
43960022-cab1-4184-b1ae-e709a1071665,Individual,,CEM SOYDEMIR,,,CEM SOYDEMIR,cemsoydemir2@gmail.com,,,'+971-509338071,English,AED,0,Immediate on Invoicing,false,,,,,,,'+971-509338071,"Villa - 40, Bliss 1",Arabian Ranches 3,United Arab Emirates,,,,'+971-509338071,,2026-07-20T12:55:20.77299+00:00,2026-07-20T12:55:20.77299+00:00,true,,
8672929c-0671-4435-aafc-b567b3da6dff,Individual,,ALTAF PATEL,,,ALTAF PATEL,Zaiba.a.patel@gmail.com,,,'+971-565588091,English,AED,0,Immediate on Invoicing,false,,,,,,,'+971-565588091,"Villa - 092, La Rosa 6",Villanova,United Arab Emirates,,,,'+971-565588091,,2026-07-20T12:55:20.77299+00:00,2026-07-20T12:55:20.77299+00:00,true,,
2547bca1-52b6-456b-bea5-519ee611527d,Individual,,RAMI GHARZEDDINE,,,RAMI GHARZEDDINE,rami-gharzeddine@hotmail.com,,,'+971-551125574,English,AED,0,Immediate on Invoicing,false,,,,,,,'+971-551125574,"Villa - 239, La Rosa 2",Villanova,United Arab Emirates,,,,'+971-551125574,,2026-07-20T12:55:20.77299+00:00,2026-07-20T12:55:20.77299+00:00,true,,
985c206e-3979-4794-a411-b1fa0c9c9904,Individual,,WEIM,,,WEIM,Weimkamil@hotmail.com,,,'+971-545161802,English,AED,0,Immediate on Invoicing,false,,,,,,,'+971-545161802,"Villa - 165, Greenview 1",Emaar South,United Arab Emirates,,,,'+971-545161802,,2026-07-20T12:55:20.77299+00:00,2026-07-20T12:55:20.77299+00:00,true,,
b6e5838b-6dd8-4564-8dbc-a48993e67cd8,Individual,,ALEH BARANAU,,,ALEH BARANAU,ncksnayperoleg@gmail.com,,,'+971-585803776,English,AED,0,Immediate on Invoicing,false,,,,,,,'+971-585803776,"Apt - 2905, Lakeshore Tower","Cluster - Y, JLT",United Arab Emirates,,,,'+971-585803776,,2026-07-20T12:55:20.77299+00:00,2026-07-20T12:55:20.77299+00:00,true,,
fec6aa55-0d58-4253-8ba3-a4cce65f9575,Individual,,Rashmi,,,Rashmi,rashmiwahi@yahoo.com,'+971-505092321,,,English,AED,0,Immediate on Invoicing,false,,,,,,,,"Al Wasl, Gardenia V-52, Dubai",,,,,,,,2026-07-20T12:55:20.77299+00:00,2026-07-20T12:55:20.77299+00:00,true,,
5bb3bcb6-63a3-43cc-aedb-e2564dc9cfa7,Individual,Mr.,SOSSY,DIKIJIAN,,Mr. SOSSY DIKIJIAN,Sossyd@gmail.com,,,,English,AED,0,Immediate on Invoicing,false,,,,,,,,"Villa - C013, C1, Al Naseen",Mudon,United Arab Emirates,,,,,,2026-07-20T12:55:20.77299+00:00,2026-07-20T12:55:20.77299+00:00,true,,
aa46fecb-818e-43ea-8012-097bc088017a,Individual,,Thomas,Alex,,Thomas Alex,thomasalexander007@gmail.com,'+971-554558543,'+971-0554558543,,English,AED,0,Immediate on Invoicing,false,,,,,,,,"FF08,
Eden Apartments
Dubai",,,,,'+971-0554558543,,,2026-07-20T12:55:20.77299+00:00,2026-07-20T12:55:20.77299+00:00,true,,
dd3a3832-c283-44b7-92f0-deedcb9522e2,Individual,,,,,Heshyam,,'+971-549932690,'+971-549932690,,English,AED,0,Immediate on Invoicing,false,,,,,,,,"Seed group, AL Barsha 1, Dubai",,,,,'+971-549932690,,,2026-07-20T12:55:20.77299+00:00,2026-07-20T12:55:20.77299+00:00,true,,
99a61c1d-6fb1-4259-9cbc-7de119b5e473,Individual,,,,,Kaizen Procurement,procurement@kaizenams.com,,,,English,AED,0,Immediate on Invoicing,false,,,,,,,,"Office 706, 
Building 12, 
Bay Square, 
Business Bay, Dubai",,,,,,,,2026-07-20T12:55:20.77299+00:00,2026-07-20T12:55:20.77299+00:00,true,,
483daf05-d748-4fae-9491-20de0ca02f63,Individual,,,,,Kaizen AMS property supervision LLC.,procurement@kaizenams.com,,,,English,AED,0,Immediate on Invoicing,false,,,,,,,,,,,,,,,,2026-07-20T12:55:20.77299+00:00,2026-07-20T12:55:20.77299+00:00,true,,
d376ee51-916d-4276-8050-0c9e5fb5c647,Individual,,Shanka,,,Shanka,shankha@evsye.com,'+971-521431486,'+971-521431486,,English,AED,0,Immediate on Invoicing,false,,,,,,,,"Evsye company, Dubai",,,,,'+971-521431486,,,2026-07-20T12:55:20.77299+00:00,2026-07-20T12:55:20.77299+00:00,true,,
dd3d4811-73f1-4026-acca-39f24d8fad32,Individual,,UBM,owner association,,UBM owner association,info@ubmo.ae,'+971-545819160,,,English,AED,0,Immediate on Invoicing,false,,,,,,,,"48 Parkside, Arjan, Dubai",,,,,,,,2026-07-20T12:55:20.77299+00:00,2026-07-20T12:55:20.77299+00:00,true,,
95508bd4-9cf8-4c99-88d0-dffed7f8635d,Individual,,UBM OWNERS ASSOCIATION MANAGEMENT SERVICES LLC,,,UBM OWNERS ASSOCIATION MANAGEMENT SERVICES LLC,,,,,English,AED,0,Immediate on Invoicing,false,,,,,,,,,,,,,,,,2026-07-20T12:55:20.77299+00:00,2026-07-20T12:55:20.77299+00:00,true,,
e60d2548-e04d-4d40-8054-6e331f5b6f9b,Individual,Mr.,Sanjeev,Kumar,,"Sanjeev, Bliss AR2, V-65",rayyanjawad@live.com,,,557208763,English,AED,0,Immediate on Invoicing,false,"Vill 65, Bliss Arabian Ranches",,,,,,0557208763,"Villa - 65, Bliss, Arabian Ranches 3",,United Arab Emirates,,,,0557208763,,2026-07-20T12:55:20.77299+00:00,2026-07-31T07:18:44.196545+00:00,true,,
6f76d70a-b6cb-48cd-89b6-38a003621795,Individual,Mr.,Adrian,Stubbington,,"Adrian, La Rosa 6, V-80",astubbington@hotmail.com,,,551826319,English,AED,0,Immediate on Invoicing,false,"Villa - 80, La rosa 6, Villanova",,,,,,0551826319,"Villa - 80, La rosa 6",,United Arab Emirates,,,,0551826319,,2026-07-20T12:55:20.77299+00:00,2026-07-31T07:33:34.729508+00:00,true,Villa Nova,
f119ac1b-6868-4b9d-9642-32d86e4bc7e9,Individual,Mr.,Hari,Sivan,,"Hari, Mira Oasis 3, V-323",Harisivan@gmail.com,,,543126416,English,AED,0,Immediate on Invoicing,false,"Villa - 323, Mira Oasis 3",,,,,,'+971-543126416,"Villa - 323, Mira Oasis 3",,,,,,'+971-543126416,,2026-07-20T12:55:20.77299+00:00,2026-07-31T08:10:55.457624+00:00,true,Reem master community,Reem master community
890ca7fb-755b-41cc-bfbb-e09ad71eb4ae,Individual,Ms.,Unood,Tariq,,"Unood, La Rosa 5, V-477",Unood.tariq@gmail.com,,,504069059,English,AED,0,Immediate on Invoicing,false,"Villa - 477, La Rosa 5, Villa Nova",,,,,,'+971-504069059,"Villa - 477, La Rosa 5",Dubai,United Arab Emirates,,,,'+971-504069059,,2026-07-20T12:55:20.77299+00:00,2026-07-31T08:24:02.366072+00:00,true,Villa Nova,Villa Nova
f33d6509-9ec8-4d09-8836-8fdccb9767d0,Individual,Mr.,Adler,Reyes,,"Adler, La Rosa 2, V-328",af.reyes.gaige@gmail.com,,,585470309,English,AED,0,Immediate on Invoicing,false,,,,,,,585470309,"Villa - 328, La Rosa 2, Villanova",,United Arab Emirates,,,,585470309,,2026-07-20T12:55:20.77299+00:00,2026-07-31T08:49:32.0723+00:00,true,Villa Nova,Villa Nova
f47506e4-4554-4370-a01a-5f20aa8373f8,Business,Mr.,Rami,Bandeh,N/A ,Rami - Villanova V-366,ramiabandeh@gmail.com,0562440200,,,English,AED,0,Immediate on Invoicing,false,"V-366
La Rosa 2
Villanova",Dubai,United Arab Emirates,,,0562440299,0562440299,"V-366
La Rosa 2
Villanova",Dubai,United Arab Emirates,,,0562440299,0562440299,,2026-07-22T04:53:39.534257+00:00,2026-07-22T04:54:27.542614+00:00,true,,
a4256424-c5b7-418a-b4fd-7a15ba2bfe57,Business,Mr.,Sayed,Aslam,Reliance Owners Association,Reliance Owners Association,roosewalt@gmail.com,0562440200,,0582593747,English,AED,0,In 30 Days,false,"Opal Tower, Business Bay
",Dubai,United Arab Emirates,,,,0582593747,"Opal Tower, Business Bay
",Dubai,United Arab Emirates,,,,0582593747,This is a Owners Management company.,2026-07-24T06:42:40.038593+00:00,2026-07-24T06:42:40.038593+00:00,true,,
0737567d-20c1-4709-823b-ec1820f81347,Individual,Mr.,Somith,Warrier,,Somith Warrier-La Rosa2-V- 317,somithw@gmail.com,,050 248 6696,,English,AED,0,Immediate on Invoicing,false,,,,,,,,"V-317, La Rosa 2, Villanova",,United Arab Emirates,,,050 248 6696,,,2026-07-20T12:55:20.77299+00:00,2026-07-28T08:00:38.416518+00:00,true,,
6ba710cc-ecdd-467b-b652-2f134fe64e4d,Individual,Mr.,Anand,Veetiil,N/A,Anand Veetiil - La Rosa 4 - ,anandgv.1969@gmail.com,0529934552,529934552,529934552,English,AED,0,Immediate on Invoicing,false,"Villa - 706, Villa Nov La Rosa 4, V-706",Dubai,United Arab Emirates,,,,529934552,"V-706, La Rosa 4, Villanova",,United Arab Emirates,,,529934552,529934552,,2026-07-20T12:55:20.77299+00:00,2026-07-30T06:17:15.82499+00:00,true,,
bf7d98b4-82e8-4093-8eef-97a86f3491ee,Business,Mr.,Jairajesh,Nadar,,"Jairajesh, La Rosa 2, V-316",a.j.rajeshnadar@gmail.com,,0504816301,0504816301,English,AED,0,Immediate on Invoicing,false,"V-316, La Rosa 2",Dubai,,,,,0504816301,"V-316, La Rosa 2, Villanova",Dubai,United Arab Emirates,,,0504816301,0504816301,,2026-07-20T12:55:20.77299+00:00,2026-07-31T05:16:08.837171+00:00,true,,
faf3b96b-66c1-490e-afb4-f59576f55978,Individual,Mr.,Mustafa,Kattayat,,"Mustafa, La Rosa 2, V-268",mustafakattayat@gmail.com,503578755,,0503578755,English,AED,0,Immediate on Invoicing,false,"V-268, La Rosa 2",Dubai,,,,,,"V-268, La Rosa 2",Dubai,,,,,,,2026-07-20T12:55:20.77299+00:00,2026-07-31T05:46:56.969836+00:00,true,,
fdc54e7a-9c7a-4d8f-85ac-2450ac7c1921,Individual,Mr.,Najib,Kiwan,N/A,"Najib, Mudon V-509",najib.kiwan@gmail.com,0556522035,,0556522035,English,AED,0,Immediate on Invoicing,false,"Villa - 509, Mudon, Arabella 2",Dubai,United Arab Emirates,,,,'+971-556522035,"Villa - 509, Mudon, Arabella 2",Dubai,United Arab Emirates,,,,'+971-556522035,,2026-07-20T12:55:20.77299+00:00,2026-07-31T06:21:09.815205+00:00,true,,
294014fb-1e06-42df-ad3f-e159ee37925c,Business,Mrs.,Diana,Maalouf,,"Diana La Rosa 2, V-380",Dianamaaloufh@hotmail.com,,,0506376022,English,AED,0,Immediate on Invoicing,false,"V-380, La Rosa 2, VillaNova",Dubai,,,,,0506376022,"V-380, La Rosa 2, VillaNova",Dubai,United Arab Emirates,,,,0506376022,,2026-07-20T12:55:20.77299+00:00,2026-07-31T06:30:20.244571+00:00,true,,
8079e88a-a2a4-42cd-8603-dd7ac4e397e7,Individual,Ms.,Suma,Sathish,,"Suma Arabella 2, V-310",Suma.sathish@expeditors.com,,,504119115,English,AED,0,Immediate on Invoicing,false,"Villa - 310, Arabella 2, Mudon ",,,,,,504119115,"Villa - 310, Arabella 2, Mudon ",,United Arab Emirates,,,,504119115,,2026-07-20T12:55:20.77299+00:00,2026-07-31T07:37:08.933433+00:00,true,Mudon,
d7701230-edde-4501-9b13-e92d76100659,Individual,Mr.,Suresh,Menon,,"Suresh, Arabella 2, V-585",Sureshm25@gmail.com,,,0506442637,English,AED,0,Immediate on Invoicing,false,"Arabella 2, V-585, Mudon",,,,,,0506442637,"Villa - 585, Arabella-2, Mudon",,United Arab Emirates,,,,0506442637,,2026-07-20T12:55:20.77299+00:00,2026-07-31T07:43:36.832095+00:00,true,Mudon,
7fcfec3e-570b-474e-9d57-0f4ee6251280,Individual,Mr.,Rajesh,Sharma,,"Rajesh, La Violeta 1, V-460",sharmarajeshk@hotmail.com,,553005654,553005654,English,AED,0,Immediate on Invoicing,false,"Villa - 460, La Violeta 1, Villa Nova",,,,,,'+971-553005654,"Villa - 460, La Violeta 1, Villa Nova",Dubai,,,,,'+971-553005654,,2026-07-20T12:55:20.77299+00:00,2026-07-31T07:51:54.716288+00:00,true,Villa Nova,Villa Nova
81a04bf3-127b-46dc-a745-3964d6b26bde,Business,Mr.,Mahaboob,Sheik,M/s. Age Group,"Age Group, JLT",pa@ageintrade.com,044232112,044232112,0545843380,English,AED,0,Immediate on Invoicing,false,"X2 Tower,, X-Cluster, 36th Floor",,United Arab Emirates,,,,0545843380,"X2 Tower,, X-Cluster, 36th Floor",,United Arab Emirates,,,,0545843380,,2026-07-20T12:55:20.77299+00:00,2026-07-31T07:54:59.331312+00:00,true,JLT,JLT
b138dfc6-82ae-42e1-8e6d-b0fa0ee54f34,Individual,Mr.,Mathew,Subhash,,"Mathew, La Rosa 1, V-104",mathew.meemboor@gmail.com,,0509902049,509902049,English,AED,0,Immediate on Invoicing,false,"V-104, La Rosa 1, Villanova",,,,,,509902049,"V-104, La Rosa 1, Villanova",,United Arab Emirates,,,0509902049,509902049,,2026-07-20T12:55:20.77299+00:00,2026-07-31T08:31:37.146775+00:00,true,Villa Nova,Villa Nova
fcd2f03f-4b77-4f72-b963-a7822769a8c2,Individual,Mr.,Jaideep,Kapani,,"Jaideep, La Rosa 5, V-361",Jaideep.kapani@gmail.com,,553109192,0553109192,English,AED,0,Immediate on Invoicing,false,"V-361, La Rosa 5, Villanova",,,,,,0553109192,"V-361, La Rosa 5, Villanova",,,,,,0553109192,,2026-07-20T12:55:20.77299+00:00,2026-07-31T09:14:47.260871+00:00,true,Villa Nova,Villa Nova
bb820185-c222-473b-ae61-33158f689758,Business,Mr.,Varghese,Mangalath,,"Varghese, La Rosa 6, V-195",varghesemangalath@gmail.com,,,0506196091,English,AED,0,Immediate on Invoicing,false,"La Rosa 6-195, Villanova,, Dubai Land",,,,,,0506196091,"La Rosa 6-195, Villanova,, Dubai Land",,United Arab Emirates,,,,0506196091,,2026-07-20T12:55:20.77299+00:00,2026-07-31T09:20:04.537327+00:00,true,Villa Nova,Villa Nova
08f07673-7a69-488a-a0f6-6940e83c12da,Individual,Mr.,Shaun,Fraser,,"Shaun, La Rosa 3, V-539",shaunfraser7@gmail.com,,0526320020,0526320020,English,AED,0,Immediate on Invoicing,false,"Villa - 539,, La Rosa 3, Villa Nova",,,,,,0526320020,"Villa - 539,, La Rosa 3, Villa Nova",,,,,,0526320020,,2026-07-20T12:55:20.77299+00:00,2026-07-31T09:25:30.315845+00:00,true,Villa Nova,Villa Nova
38fdecec-135d-4734-8481-81637a4f0309,Individual,Mr.,Kumar,Milan,,"Kumar, Arabella",kkmilanuae@gmail.com,,,00919654159417,English,AED,0,Immediate on Invoicing,false,"Villa - 205, Topanga, Damac Hills 1.",,,,,,00919654159417,"Villa - 205, Topanga, Damac Hills 1.",Dubai,,,,,00919654159417,,2026-07-20T12:55:20.77299+00:00,2026-07-31T11:07:08.174862+00:00,true,Damac Hills,Damac Hills
b982e10a-584a-4656-8a03-185541cae15c,Business,Mr.,Abdul,Wadood,Ghadeer Al Taer Real Estate,"Waddod, Maktoum Villa",abdulwadood@ghadeere.com,,,,English,USD,0,Immediate on Invoicing,false,Maktoum Villa,Dubai,United Arab Emirates,,,,,Maktoum Villa,Dubai,United Arab Emirates,,,,,,2026-07-31T12:36:44.717096+00:00,2026-07-31T12:36:44.717096+00:00,true,,
b8cec7c1-4fa3-4f4c-9508-64639c8f5bc6,Business,Mr.,Abdul,Wadood,Ghadeer Al Taer Real Estate,"Wadood, Main Gate Block",abdulwadood@ghadeere.com,,,543030834,English,USD,0,Immediate on Invoicing,false,"AL Ain Rd., Palace",Dubai,United Arab Emirates,,,,,"AL Ain Rd., Palace",Dubai,United Arab Emirates,,,,,,2026-07-31T12:35:09.92941+00:00,2026-07-31T12:36:59.104466+00:00,true,,
100e0def-3d22-4f69-ba57-f39b8bb337a3,Business,Mr.,Abdul,Wadood,Ghadeer Al Taer Real Estate,"Wadood, Kitchen Block",abdulwadood@ghadeere.com,,,543030834,English,USD,0,Immediate on Invoicing,false,"Al Ain Rd., Palace",Dubai,United Arab Emirates,,,,,"Al Ain Rd., Palace",Dubai,United Arab Emirates,,,,,,2026-07-31T12:34:04.040316+00:00,2026-07-31T12:37:06.741187+00:00,true,,
cbfa7040-f7f2-4d63-8f8d-b3a27c72da47,Business,Mr.,Abdul,Wadood,Ghadeer Al Taer Real Estate,"Wadood, Al Ain Palace",abdulwadood@ghadeere.com,,,543030834,English,USD,0,Immediate on Invoicing,false,AL Ain Palace,Dubai,United Arab Emirates,,,,,,Dubai,United Arab Emirates,,,,,,2026-07-31T12:44:44.645124+00:00,2026-07-31T12:44:44.645124+00:00,true,,
